ID,Y
1,0
2,0
3,0
4,0
5,0
6,0
7,0
8,0
9,0
10,0
11,0
12,0
13,0
14,0
15,0
16,0
17,0
18,0
19,0
20,1
21,0
22,0
23,1
24,0
25,0
26,0
27,0
28,0
29,0
30,0
31,0
32,0
33,0
34,0
35,0
36,0
37,0
38,0
39,0
40,0
41,0
42,0
43,0
44,0
45,0
46,0
47,0
48,0
49,0
50,0
51,1
52,0
53,0
54,0
55,0
56,0
57,0
58,0
59,1
60,0
61,0
62,0
63,1
64,0
65,0
66,0
67,0
68,0
69,0
70,1
71,0
72,0
73,0
74,0
75,0
76,0
77,0
78,0
79,0
80,0
81,0
82,0
83,0
84,0
85,0
86,0
87,0
88,0
89,0
90,1
91,0
92,0
93,0
94,0
95,0
96,0
97,0
98,0
99,0
100,0
101,0
102,0
103,0
104,0
105,1
106,0
107,0
108,0
109,0
110,0
111,0
112,0
113,0
114,0
115,0
116,0
117,0
118,0
119,0
120,0
121,0
122,0
123,0
124,0
125,0
126,0
127,0
128,0
129,0
130,0
131,0
132,0
133,0
134,0
135,0
136,0
137,0
138,0
139,1
140,0
141,0
142,0
143,1
144,0
145,0
146,1
147,0
148,0
149,0
150,0
151,0
152,0
153,0
154,0
155,0
156,0
157,0
158,0
159,0
160,1
161,1
162,1
163,0
164,0
165,0
166,0
167,0
168,0
169,0
170,0
171,0
172,0
173,0
174,0
175,0
176,0
177,0
178,1
179,0
180,0
181,0
182,0
183,0
184,0
185,0
186,0
187,0
188,0
189,0
190,0
191,0
192,1
193,0
194,0
195,0
196,1
197,0
198,0
199,0
200,0
201,0
202,0
203,0
204,0
205,0
206,0
207,0
208,0
209,0
210,0
211,0
212,0
213,0
214,0
215,1
216,0
217,0
218,1
219,0
220,0
221,1
222,0
223,0
224,0
225,0
226,0
227,0
228,0
229,1
230,0
231,0
232,0
233,0
234,1
235,1
236,0
237,0
238,0
239,0
240,0
241,0
242,0
243,0
244,0
245,1
246,0
247,0
248,0
249,0
250,0
251,0
252,0
253,0
254,0
255,0
256,0
257,0
258,0
259,0
260,0
261,0
262,0
263,0
264,0
265,0
266,0
267,0
268,0
269,0
270,0
271,0
272,0
273,1
274,0
275,0
276,0
277,1
278,0
279,0
280,0
281,0
282,0
283,0
284,0
285,0
286,0
287,0
288,0
289,0
290,0
291,0
292,0
293,1
294,0
295,0
296,0
297,1
298,0
299,0
300,0
301,0
302,1
303,0
304,0
305,0
306,0
307,0
308,0
309,1
310,0
311,0
312,0
313,1
314,0
315,0
316,0
317,0
318,1
319,0
320,0
321,0
322,0
323,0
324,0
325,0
326,0
327,0
328,1
329,0
330,1
331,0
332,1
333,0
334,0
335,0
336,0
337,0
338,0
339,0
340,1
341,0
342,0
343,0
344,1
345,0
346,0
347,0
348,0
349,0
350,0
351,0
352,0
353,0
354,0
355,1
356,0
357,0
358,0
359,0
360,1
361,0
362,0
363,0
364,0
365,0
366,0
367,0
368,0
369,0
370,1
371,1
372,0
373,0
374,0
375,0
376,0
377,1
378,0
379,0
380,0
381,0
382,0
383,0
384,0
385,0
386,0
387,0
388,0
389,0
390,0
391,0
392,0
393,0
394,0
395,0
396,0
397,1
398,0
399,0
400,0
401,0
402,0
403,0
404,0
405,0
406,0
407,0
408,1
409,0
410,0
411,0
412,0
413,0
414,0
415,0
416,0
417,0
418,0
419,0
420,0
421,0
422,0
423,0
424,1
425,0
426,0
427,1
428,0
429,0
430,0
431,0
432,0
433,0
434,0
435,0
436,1
437,0
438,0
439,1
440,0
441,0
442,0
443,0
444,0
445,1
446,0
447,0
448,0
449,0
450,0
451,0
452,1
453,0
454,0
455,0
456,0
457,1
458,0
459,0
460,0
461,0
462,0
463,0
464,0
465,0
466,0
467,0
468,0
469,0
470,0
471,0
472,0
473,0
474,1
475,0
476,0
477,0
478,0
479,0
480,0
481,0
482,1
483,0
484,1
485,0
486,0
487,0
488,0
489,0
490,0
491,0
492,1
493,0
494,0
495,0
496,0
497,0
498,0
499,0
500,0
501,0
502,0
503,0
504,0
505,1
506,0
507,0
508,0
509,0
510,0
511,0
512,0
513,0
514,1
515,0
516,0
517,0
518,0
519,0
520,0
521,0
522,0
523,0
524,0
525,0
526,0
527,0
528,1
529,0
530,0
531,0
532,0
533,0
534,1
535,0
536,0
537,0
538,0
539,0
540,0
541,0
542,0
543,0
544,0
545,0
546,0
547,0
548,0
549,0
550,0
551,0
552,0
553,0
554,0
555,0
556,0
557,0
558,0
559,0
560,0
561,0
562,0
563,0
564,0
565,1
566,1
567,0
568,0
569,0
570,0
571,0
572,0
573,0
574,0
575,0
576,1
577,0
578,0
579,0
580,0
581,1
582,0
583,0
584,0
585,0
586,0
587,1
588,0
589,1
590,0
591,0
592,0
593,0
594,0
595,0
596,0
597,0
598,0
599,1
600,0
601,0
602,0
603,0
604,0
605,0
606,0
607,0
608,0
609,0
610,0
611,0
612,0
613,0
614,0
615,0
616,0
617,0
618,0
619,0
620,0
621,0
622,0
623,0
624,0
625,0
626,0
627,0
628,0
629,0
630,0
631,0
632,0
633,0
634,0
635,0
636,0
637,0
638,0
639,0
640,0
641,0
642,0
643,0
644,0
645,0
646,0
647,1
648,0
649,0
650,0
651,0
652,0
653,0
654,0
655,0
656,0
657,0
658,0
659,0
660,0
661,0
662,0
663,0
664,0
665,0
666,0
667,1
668,0
669,0
670,1
671,0
672,0
673,1
674,0
675,0
676,1
677,0
678,0
679,0
680,0
681,0
682,0
683,0
684,0
685,0
686,0
687,0
688,0
689,1
690,0
691,1
692,0
693,1
694,0
695,0
696,1
697,0
698,1
699,0
700,1
701,0
702,0
703,0
704,0
705,0
706,0
707,0
708,0
709,0
710,0
711,0
712,0
713,0
714,0
715,0
716,1
717,0
718,1
719,0
720,0
721,0
722,0
723,0
724,0
725,1
726,0
727,0
728,0
729,0
730,0
731,0
732,0
733,0
734,0
735,0
736,0
737,0
738,0
739,0
740,0
741,0
742,0
743,0
744,0
745,0
746,0
747,0
748,0
749,0
750,1
751,0
752,0
753,0
754,0
755,0
756,0
757,0
758,0
759,0
760,0
761,1
762,0
763,1
764,0
765,0
766,0
767,0
768,0
769,0
770,0
771,0
772,0
773,0
774,0
775,0
776,0
777,0
778,0
779,0
780,0
781,1
782,0
783,1
784,0
785,0
786,0
787,0
788,0
789,0
790,0
791,0
792,0
793,0
794,0
795,0
796,0
797,1
798,1
799,1
800,0
801,0
802,0
803,0
804,0
805,0
806,0
807,0
808,0
809,0
810,0
811,0
812,0
813,0
814,0
815,0
816,0
817,1
818,0
819,0
820,0
821,0
822,0
823,1
824,0
825,0
826,0
827,1
828,0
829,0
830,0
831,0
832,0
833,0
834,0
835,0
836,0
837,0
838,0
839,0
840,0
841,0
842,0
843,0
844,0
845,0
846,0
847,0
848,0
849,0
850,0
851,0
852,0
853,0
854,0
855,0
856,0
857,0
858,0
859,0
860,0
861,0
862,0
863,0
864,0
865,0
866,0
867,0
868,0
869,0
870,0
871,0
872,0
873,0
874,0
875,0
876,0
877,0
878,0
879,0
880,1
881,0
882,0
883,0
884,0
885,0
886,0
887,0
888,0
889,0
890,0
891,0
892,0
893,0
894,0
895,0
896,0
897,0
898,1
899,0
900,0
901,0
902,0
903,0
904,0
905,1
906,0
907,1
908,0
909,0
910,0
911,0
912,0
913,0
914,0
915,1
916,1
917,0
918,1
919,0
920,0
921,0
922,0
923,0
924,0
925,0
926,0
927,0
928,0
929,1
930,0
931,0
932,0
933,0
934,1
935,0
936,0
937,0
938,0
939,0
940,0
941,0
942,0
943,0
944,0
945,0
946,0
947,0
948,0
949,0
950,0
951,0
952,0
953,0
954,0
955,1
956,0
957,0
958,0
959,0
960,1
961,0
962,1
963,0
964,0
965,0
966,0
967,0
968,1
969,0
970,0
971,0
972,0
973,0
974,1
975,0
976,0
977,0
978,1
979,0
980,0
981,0
982,0
983,0
984,0
985,0
986,1
987,0
988,0
989,0
990,0
991,0
992,0
993,0
994,0
995,1
996,0
997,0
998,0
999,0
1000,0
1001,0
1002,0
1003,0
1004,0
1005,0
1006,0
1007,0
1008,0
1009,0
1010,0
1011,0
1012,0
1013,0
1014,0
1015,0
1016,0
1017,0
1018,1
1019,1
1020,0
1021,0
1022,0
1023,0
1024,0
1025,0
1026,0
1027,0
1028,0
1029,0
1030,0
1031,0
1032,0
1033,0
1034,0
1035,0
1036,1
1037,0
1038,1
1039,0
1040,0
1041,0
1042,0
1043,0
1044,0
1045,0
1046,0
1047,0
1048,0
1049,0
1050,0
1051,1
1052,0
1053,0
1054,0
1055,1
1056,0
1057,1
1058,0
1059,0
1060,0
1061,0
1062,0
1063,0
1064,0
1065,1
1066,0
1067,0
1068,0
1069,0
1070,0
1071,0
1072,0
1073,0
1074,0
1075,0
1076,0
1077,0
1078,0
1079,0
1080,0
1081,0
1082,0
1083,1
1084,0
1085,0
1086,0
1087,0
1088,0
1089,0
1090,0
1091,0
1092,0
1093,0
1094,0
1095,0
1096,0
1097,0
1098,0
1099,0
1100,0
1101,1
1102,0
1103,0
1104,0
1105,0
1106,0
1107,1
1108,0
1109,0
1110,0
1111,1
1112,0
1113,0
1114,0
1115,1
1116,0
1117,0
1118,0
1119,1
1120,0
1121,0
1122,0
1123,1
1124,0
1125,0
1126,0
1127,0
1128,0
1129,1
1130,0
1131,0
1132,0
1133,1
1134,0
1135,1
1136,0
1137,0
1138,0
1139,0
1140,0
1141,0
1142,0
1143,0
1144,0
1145,1
1146,1
1147,0
1148,0
1149,0
1150,0
1151,0
1152,0
1153,0
1154,0
1155,0
1156,0
1157,0
1158,1
1159,0
1160,0
1161,0
1162,0
1163,0
1164,0
1165,0
1166,0
1167,1
1168,0
1169,0
1170,0
1171,0
1172,0
1173,0
1174,1
1175,0
1176,0
1177,0
1178,0
1179,0
1180,0
1181,1
1182,0
1183,0
1184,0
1185,0
1186,0
1187,0
1188,1
1189,0
1190,0
1191,0
1192,0
1193,0
1194,0
1195,0
1196,0
1197,0
1198,0
1199,0
1200,0
1201,0
1202,0
1203,0
1204,1
1205,0
1206,0
1207,1
1208,0
1209,0
1210,0
1211,0
1212,0
1213,1
1214,0
1215,0
1216,0
1217,1
1218,0
1219,0
1220,0
1221,1
1222,0
1223,0
1224,0
1225,0
1226,0
1227,0
1228,0
1229,0
1230,0
1231,0
1232,0
1233,0
1234,0
1235,0
1236,0
1237,0
1238,0
1239,0
1240,0
1241,1
1242,0
1243,0
1244,0
1245,0
1246,0
1247,0
1248,0
1249,0
1250,0
1251,0
1252,0
1253,0
1254,0
1255,0
1256,0
1257,1
1258,0
1259,0
1260,0
1261,0
1262,0
1263,0
1264,0
1265,0
1266,0
1267,0
1268,1
1269,0
1270,0
1271,0
1272,0
1273,0
1274,0
1275,0
1276,1
1277,0
1278,0
1279,0
1280,0
1281,0
1282,1
1283,0
1284,0
1285,0
1286,0
1287,0
1288,0
1289,1
1290,0
1291,0
1292,0
1293,0
1294,0
1295,0
1296,0
1297,1
1298,0
1299,0
1300,0
1301,0
1302,0
1303,0
1304,1
1305,0
1306,0
1307,1
1308,0
1309,0
1310,0
1311,0
1312,1
1313,0
1314,0
1315,1
1316,0
1317,0
1318,0
1319,0
1320,0
1321,0
1322,0
1323,0
1324,0
1325,0
1326,0
1327,0
1328,0
1329,0
1330,0
1331,0
1332,0
1333,0
1334,0
1335,0
1336,0
1337,1
1338,0
1339,0
1340,1
1341,0
1342,0
1343,0
1344,0
1345,0
1346,0
1347,0
1348,0
1349,0
1350,0
1351,0
1352,0
1353,0
1354,0
1355,0
1356,0
1357,0
1358,1
1359,0
1360,0
1361,0
1362,0
1363,0
1364,0
1365,0
1366,0
1367,0
1368,0
1369,0
1370,0
1371,0
1372,0
1373,0
1374,0
1375,0
1376,0
1377,0
1378,0
1379,0
1380,1
1381,0
1382,0
1383,0
1384,0
1385,0
1386,0
1387,1
1388,0
1389,0
1390,0
1391,1
1392,0
1393,0
1394,0
1395,0
1396,0
1397,0
1398,0
1399,0
1400,0
1401,0
1402,0
1403,0
1404,0
1405,0
1406,0
1407,0
1408,0
1409,0
1410,0
1411,0
1412,0
1413,0
1414,0
1415,0
1416,0
1417,0
1418,0
1419,0
1420,0
1421,0
1422,0
1423,0
1424,1
1425,0
1426,0
1427,0
1428,0
1429,1
1430,1
1431,0
1432,0
1433,1
1434,0
1435,0
1436,1
1437,0
1438,0
1439,1
1440,0
1441,0
1442,0
1443,0
1444,0
1445,1
1446,0
1447,0
1448,1
1449,0
1450,0
1451,0
1452,0
1453,0
1454,0
1455,0
1456,0
1457,0
1458,1
1459,0
1460,0
1461,0
1462,0
1463,0
1464,0
1465,0
1466,0
1467,0
1468,0
1469,0
1470,0
1471,0
1472,0
1473,0
1474,0
1475,0
1476,0
1477,0
1478,0
1479,0
1480,0
1481,0
1482,0
1483,0
1484,0
1485,0
1486,0
1487,0
1488,1
1489,0
1490,1
1491,0
1492,0
1493,0
1494,0
1495,0
1496,0
1497,0
1498,1
1499,0
1500,0
1501,0
1502,0
1503,1
1504,0
1505,0
1506,0
1507,0
1508,0
1509,0
1510,1
1511,0
1512,0
1513,0
1514,0
1515,0
1516,0
1517,0
1518,0
1519,1
1520,0
1521,0
1522,0
1523,0
1524,0
1525,0
1526,0
1527,0
1528,0
1529,1
1530,0
1531,0
1532,0
1533,0
1534,0
1535,0
1536,0
1537,1
1538,0
1539,0
1540,0
1541,0
1542,0
1543,0
1544,0
1545,0
1546,0
1547,1
1548,0
1549,0
1550,0
1551,1
1552,0
1553,0
1554,0
1555,0
1556,0
1557,0
1558,0
1559,0
1560,0
1561,0
1562,0
1563,0
1564,0
1565,1
1566,0
1567,0
1568,0
1569,1
1570,0
1571,0
1572,0
1573,0
1574,0
1575,0
1576,0
1577,0
1578,0
1579,0
1580,0
1581,0
1582,0
1583,0
1584,0
1585,0
1586,0
1587,0
1588,0
1589,0
1590,0
1591,0
1592,0
1593,0
1594,0
1595,0
1596,1
1597,1
1598,0
1599,0
1600,0
1601,0
1602,0
1603,0
1604,0
1605,0
1606,0
1607,1
1608,0
1609,0
1610,0
1611,0
1612,0
1613,0
1614,0
1615,0
1616,0
1617,0
1618,0
1619,0
1620,1
1621,0
1622,0
1623,0
1624,0
1625,0
1626,0
1627,0
1628,1
1629,0
1630,0
1631,0
1632,0
1633,0
1634,0
1635,0
1636,0
1637,0
1638,0
1639,1
1640,0
1641,0
1642,0
1643,0
1644,0
1645,1
1646,0
1647,0
1648,0
1649,0
1650,0
1651,0
1652,0
1653,0
1654,0
1655,0
1656,0
1657,0
1658,0
1659,0
1660,0
1661,0
1662,0
1663,0
1664,0
1665,0
1666,0
1667,0
1668,1
1669,0
1670,0
1671,0
1672,0
1673,0
1674,0
1675,0
1676,0
1677,0
1678,0
1679,0
1680,0
1681,1
1682,0
1683,0
1684,0
1685,0
1686,0
1687,0
1688,0
1689,0
1690,0
1691,0
1692,1
1693,0
1694,0
1695,0
1696,0
1697,0
1698,0
1699,0
1700,0
1701,0
1702,0
1703,0
1704,1
1705,0
1706,1
1707,0
1708,0
1709,0
1710,0
1711,0
1712,0
1713,0
1714,0
1715,0
1716,0
1717,0
1718,0
1719,0
1720,0
1721,0
1722,0
1723,0
1724,0
1725,0
1726,0
1727,0
1728,1
1729,1
1730,0
1731,1
1732,0
1733,0
1734,0
1735,0
1736,0
1737,1
1738,0
1739,0
1740,1
1741,1
1742,0
1743,0
1744,0
1745,0
1746,0
1747,0
1748,0
1749,0
1750,0
1751,0
1752,0
1753,1
1754,0
1755,0
1756,0
1757,0
1758,1
1759,0
1760,0
1761,0
1762,0
1763,0
1764,0
1765,1
1766,0
1767,1
1768,0
1769,0
1770,0
1771,0
1772,0
1773,0
1774,1
1775,0
1776,1
1777,0
1778,0
1779,0
1780,0
1781,0
1782,0
1783,0
1784,0
1785,0
1786,1
1787,0
1788,0
1789,0
1790,0
1791,0
1792,0
1793,0
1794,0
1795,0
1796,0
1797,0
1798,0
1799,0
1800,0
1801,0
1802,0
1803,0
1804,0
1805,0
1806,0
1807,0
1808,0
1809,0
1810,0
1811,0
1812,0
1813,0
1814,0
1815,0
1816,0
1817,0
1818,0
1819,0
1820,0
1821,0
1822,0
1823,0
1824,0
1825,0
1826,0
1827,0
1828,0
1829,0
1830,0
1831,0
1832,0
1833,0
1834,0
1835,0
1836,0
1837,0
1838,0
1839,0
1840,1
1841,0
1842,0
1843,0
1844,0
1845,0
1846,1
1847,0
1848,0
1849,0
1850,0
1851,0
1852,0
1853,0
1854,0
1855,0
1856,0
1857,0
1858,0
1859,0
1860,0
1861,0
1862,1
1863,0
1864,0
1865,0
1866,0
1867,0
1868,0
1869,0
1870,1
1871,0
1872,0
1873,0
1874,0
1875,0
1876,1
1877,0
1878,0
1879,0
1880,1
1881,0
1882,1
1883,0
1884,0
1885,0
1886,0
1887,0
1888,0
1889,0
1890,0
1891,0
1892,0
1893,0
1894,0
1895,1
1896,0
1897,0
1898,1
1899,0
1900,0
1901,0
1902,0
1903,0
1904,0
1905,0
1906,0
1907,0
1908,0
1909,0
1910,0
1911,0
1912,0
1913,0
1914,0
1915,0
1916,0
1917,0
1918,0
1919,0
1920,0
1921,0
1922,0
1923,0
1924,0
1925,0
1926,0
1927,0
1928,0
1929,0
1930,0
1931,0
1932,1
1933,0
1934,0
1935,0
1936,0
1937,0
1938,0
1939,0
1940,0
1941,0
1942,0
1943,1
1944,0
1945,1
1946,0
1947,0
1948,1
1949,0
1950,0
1951,1
1952,0
1953,0
1954,0
1955,0
1956,0
1957,0
1958,0
1959,0
1960,0
1961,0
1962,0
1963,0
1964,0
1965,0
1966,0
1967,0
1968,0
1969,0
1970,0
1971,0
1972,0
1973,0
1974,0
1975,0
1976,0
1977,0
1978,0
1979,0
1980,0
1981,0
1982,1
1983,0
1984,0
1985,0
1986,0
1987,0
1988,0
1989,0
1990,1
1991,0
1992,0
1993,0
1994,0
1995,0
1996,0
1997,1
1998,0
1999,0
2000,0
2001,0
2002,0
2003,0
2004,0
2005,0
2006,0
2007,0
2008,0
2009,0
2010,0
2011,0
2012,0
2013,1
2014,0
2015,0
2016,0
2017,0
2018,0
2019,0
2020,1
2021,0
2022,0
2023,0
2024,0
2025,0
2026,0
2027,0
2028,0
2029,0
2030,1
2031,0
2032,0
2033,0
2034,0
2035,0
2036,0
2037,0
2038,0
2039,0
2040,0
2041,0
2042,0
2043,0
2044,0
2045,0
2046,0
2047,0
2048,0
2049,1
2050,0
2051,0
2052,1
2053,0
2054,1
2055,0
2056,0
2057,0
2058,0
2059,0
2060,0
2061,0
2062,0
2063,0
2064,0
2065,0
2066,0
2067,0
2068,0
2069,0
2070,0
2071,0
2072,0
2073,0
2074,0
2075,0
2076,0
2077,0
2078,0
2079,0
2080,1
2081,0
2082,0
2083,0
2084,0
2085,0
2086,0
2087,1
2088,0
2089,0
2090,1
2091,0
2092,1
2093,0
2094,0
2095,1
2096,0
2097,1
2098,0
2099,0
2100,0
2101,0
2102,0
2103,0
2104,0
2105,1
2106,0
2107,0
2108,0
2109,0
2110,0
2111,0
2112,0
2113,1
2114,0
2115,1
2116,0
2117,1
2118,0
2119,0
2120,0
2121,0
2122,0
2123,0
2124,0
2125,1
2126,0
2127,0
2128,1
2129,0
2130,0
2131,0
2132,0
2133,0
2134,0
2135,1
2136,0
2137,0
2138,0
2139,0
2140,0
2141,1
2142,0
2143,0
2144,0
2145,1
2146,0
2147,0
2148,0
2149,0
2150,0
2151,0
2152,1
2153,0
2154,0
2155,0
2156,1
2157,1
2158,0
2159,0
2160,1
2161,0
2162,0
2163,0
2164,0
2165,0
2166,0
2167,0
2168,0
2169,0
2170,0
2171,0
2172,0
2173,0
2174,0
2175,0
2176,0
2177,0
2178,0
2179,0
2180,0
2181,0
2182,0
2183,0
2184,0
2185,0
2186,0
2187,0
2188,0
2189,0
2190,0
2191,0
2192,0
2193,0
2194,0
2195,1
2196,0
2197,0
2198,1
2199,0
2200,0
2201,0
2202,0
2203,0
2204,0
2205,0
2206,0
2207,0
2208,0
2209,0
2210,0
2211,0
2212,0
2213,0
2214,0
2215,1
2216,0
2217,0
2218,0
2219,0
2220,0
2221,0
2222,0
2223,0
2224,0
2225,0
2226,0
2227,0
2228,0
2229,0
2230,0
2231,0
2232,0
2233,0
2234,0
2235,1
2236,0
2237,0
2238,0
2239,0
2240,0
2241,0
2242,0
2243,0
2244,0
2245,0
2246,0
2247,0
2248,0
2249,0
2250,0
2251,0
2252,0
2253,0
2254,0
2255,0
2256,0
2257,0
2258,0
2259,0
2260,0
2261,0
2262,0
2263,0
2264,0
2265,0
2266,0
2267,0
2268,0
2269,0
2270,0
2271,0
2272,0
2273,0
2274,1
2275,0
2276,0
2277,1
2278,0
2279,0
2280,0
2281,0
2282,1
2283,0
2284,0
2285,0
2286,0
2287,1
2288,0
2289,0
2290,0
2291,0
2292,1
2293,1
2294,1
2295,0
2296,0
2297,0
2298,1
2299,0
2300,0
2301,0
2302,0
2303,0
2304,0
2305,0
2306,0
2307,0
2308,0
2309,0
2310,0
2311,0
2312,0
2313,0
2314,0
2315,0
2316,0
2317,0
2318,0
2319,0
2320,0
2321,0
2322,0
2323,0
2324,0
2325,0
2326,0
2327,0
2328,0
2329,1
2330,0
2331,0
2332,0
2333,0
2334,0
2335,0
2336,0
2337,0
2338,0
2339,0
2340,0
2341,0
2342,0
2343,0
2344,0
2345,0
2346,0
2347,0
2348,0
2349,0
2350,1
2351,0
2352,0
2353,0
2354,0
2355,0
2356,0
2357,0
2358,0
2359,0
2360,0
2361,0
2362,0
2363,0
2364,0
2365,0
2366,0
2367,0
2368,0
2369,0
2370,0
2371,0
2372,1
2373,0
2374,0
2375,1
2376,1
2377,0
2378,0
2379,0
2380,0
2381,0
2382,0
2383,0
2384,0
2385,1
2386,0
2387,0
2388,0
2389,0
2390,0
2391,1
2392,0
2393,0
2394,0
2395,0
2396,0
2397,0
2398,0
2399,0
2400,0
2401,0
2402,0
2403,0
2404,0
2405,0
2406,0
2407,0
2408,0
2409,0
2410,0
2411,0
2412,0
2413,0
2414,0
2415,0
2416,0
2417,0
2418,1
2419,0
2420,0
2421,0
2422,1
2423,1
2424,1
2425,0
2426,0
2427,0
2428,0
2429,0
2430,0
2431,0
2432,1
2433,0
2434,1
2435,1
2436,1
2437,1
2438,0
2439,0
2440,0
2441,0
2442,0
2443,0
2444,0
2445,0
2446,0
2447,0
2448,1
2449,0
2450,1
2451,0
2452,0
2453,0
2454,0
2455,0
2456,0
2457,0
2458,0
2459,0
2460,0
2461,0
2462,0
2463,0
2464,1
2465,0
2466,0
2467,0
2468,0
2469,0
2470,0
2471,0
2472,0
2473,0
2474,0
2475,0
2476,0
2477,0
2478,0
2479,0
2480,0
2481,0
2482,0
2483,0
2484,0
2485,1
2486,0
2487,0
2488,1
2489,1
2490,0
2491,0
2492,0
2493,0
2494,0
2495,0
2496,0
2497,0
2498,0
2499,0
2500,0
2501,0
2502,0
2503,0
2504,0
2505,0
2506,0
2507,0
2508,0
2509,1
2510,0
2511,0
2512,0
2513,0
2514,0
2515,0
2516,1
2517,0
2518,0
2519,0
2520,0
2521,0
2522,1
2523,0
2524,0
2525,0
2526,0
2527,0
2528,0
2529,0
2530,0
2531,0
2532,0
2533,0
2534,0
2535,0
2536,0
2537,0
2538,0
2539,0
2540,1
2541,0
2542,0
2543,0
2544,0
2545,0
2546,0
2547,0
2548,0
2549,0
2550,0
2551,0
2552,0
2553,0
2554,0
2555,0
2556,0
2557,0
2558,0
2559,0
2560,0
2561,0
2562,0
2563,1
2564,0
2565,0
2566,0
2567,0
2568,0
2569,0
2570,0
2571,0
2572,0
2573,0
2574,0
2575,0
2576,0
2577,0
2578,0
2579,0
2580,0
2581,0
2582,1
2583,0
2584,0
2585,0
2586,0
2587,0
2588,0
2589,0
2590,1
2591,1
2592,1
2593,0
2594,0
2595,0
2596,0
2597,1
2598,0
2599,0
2600,1
2601,1
2602,0
2603,0
2604,0
2605,0
2606,0
2607,0
2608,0
2609,0
2610,0
2611,0
2612,0
2613,0
2614,1
2615,0
2616,0
2617,0
2618,0
2619,0
2620,0
2621,0
2622,0
2623,0
2624,0
2625,1
2626,0
2627,0
2628,0
2629,0
2630,1
2631,0
2632,0
2633,0
2634,1
2635,0
2636,0
2637,0
2638,0
2639,0
2640,0
2641,1
2642,0
2643,0
2644,0
2645,1
2646,0
2647,1
2648,0
2649,0
2650,0
2651,0
2652,0
2653,0
2654,0
2655,0
2656,0
2657,0
2658,0
2659,0
2660,0
2661,0
2662,0
2663,0
2664,0
2665,0
2666,0
2667,0
2668,0
2669,0
2670,0
2671,0
2672,0
2673,0
2674,0
2675,0
2676,0
2677,0
2678,0
2679,0
2680,0
2681,0
2682,0
2683,0
2684,0
2685,1
2686,0
2687,0
2688,0
2689,0
2690,0
2691,0
2692,0
2693,0
2694,1
2695,1
2696,0
2697,0
2698,0
2699,0
2700,0
2701,0
2702,1
2703,0
2704,0
2705,0
2706,0
2707,0
2708,0
2709,0
2710,1
2711,0
2712,0
2713,0
2714,0
2715,0
2716,0
2717,0
2718,0
2719,0
2720,0
2721,0
2722,0
2723,1
2724,0
2725,0
2726,0
2727,1
2728,0
2729,0
2730,0
2731,0
2732,0
2733,0
2734,1
2735,0
2736,0
2737,0
2738,0
2739,0
2740,1
2741,0
2742,0
2743,0
2744,0
2745,0
2746,0
2747,0
2748,1
2749,0
2750,0
2751,0
2752,0
2753,0
2754,0
2755,0
2756,0
2757,1
2758,0
2759,1
2760,0
2761,0
2762,0
2763,0
2764,0
2765,0
2766,0
2767,0
2768,1
2769,0
2770,0
2771,0
2772,0
2773,1
2774,1
2775,0
2776,0
2777,1
2778,0
2779,0
2780,0
2781,0
2782,0
2783,0
2784,0
2785,0
2786,0
2787,0
2788,0
2789,1
2790,0
2791,0
2792,0
2793,0
2794,0
2795,0
2796,0
2797,0
2798,0
2799,0
2800,0
2801,0
2802,0
2803,0
2804,0
2805,0
2806,0
2807,0
2808,0
2809,0
2810,0
2811,1
2812,0
2813,0
2814,0
2815,0
2816,0
2817,0
2818,0
2819,0
2820,1
2821,0
2822,0
2823,0
2824,0
2825,0
2826,0
2827,0
2828,0
2829,1
2830,0
2831,0
2832,0
2833,0
2834,0
2835,0
2836,0
2837,0
2838,0
2839,0
2840,0
2841,0
2842,0
2843,0
2844,0
2845,0
2846,0
2847,0
2848,0
2849,0
2850,1
2851,0
2852,1
2853,1
2854,0
2855,1
2856,0
2857,0
2858,0
2859,0
2860,1
2861,0
2862,0
2863,0
2864,0
2865,1
2866,0
2867,0
2868,0
2869,0
2870,0
2871,0
2872,0
2873,0
2874,0
2875,0
2876,0
2877,0
2878,0
2879,0
2880,0
2881,0
2882,0
2883,0
2884,0
2885,1
2886,0
2887,0
2888,0
2889,0
2890,0
2891,0
2892,0
2893,0
2894,0
2895,0
2896,1
2897,0
2898,0
2899,0
2900,0
2901,0
2902,1
2903,0
2904,1
2905,0
2906,0
2907,0
2908,0
2909,0
2910,0
2911,0
2912,1
2913,0
2914,0
2915,0
2916,0
2917,0
2918,0
2919,0
2920,1
2921,0
2922,0
2923,1
2924,0
2925,0
2926,1
2927,0
2928,0
2929,0
2930,0
2931,0
2932,0
2933,0
2934,0
2935,0
2936,0
2937,0
2938,0
2939,0
2940,0
2941,0
2942,0
2943,0
2944,0
2945,1
2946,0
2947,0
2948,0
2949,0
2950,0
2951,0
2952,0
2953,0
2954,0
2955,0
2956,0
2957,0
2958,0
2959,0
2960,0
2961,0
2962,0
2963,0
2964,0
2965,0
2966,0
2967,0
2968,0
2969,0
2970,0
2971,0
2972,0
2973,0
2974,0
2975,0
2976,0
2977,0
2978,0
2979,0
2980,0
2981,0
2982,0
2983,0
2984,0
2985,0
2986,0
2987,0
2988,0
2989,0
2990,0
2991,1
2992,0
2993,0
2994,0
2995,0
2996,0
2997,1
2998,0
2999,0
3000,0
3001,0
3002,0
3003,1
3004,0
3005,0
3006,0
3007,0
3008,0
3009,0
3010,0
3011,0
3012,0
3013,0
3014,0
3015,0
3016,0
3017,0
3018,0
3019,0
3020,0
3021,1
3022,0
3023,0
3024,0
3025,0
3026,0
3027,0
3028,0
3029,0
3030,0
3031,0
3032,0
3033,0
3034,0
3035,0
3036,0
3037,0
3038,0
3039,0
3040,0
3041,1
3042,0
3043,0
3044,1
3045,0
3046,0
3047,1
3048,0
3049,0
3050,0
3051,0
3052,1
3053,0
3054,0
3055,0
3056,0
3057,0
3058,0
3059,0
3060,0
3061,0
3062,0
3063,0
3064,1
3065,0
3066,0
3067,0
3068,0
3069,0
3070,1
3071,0
3072,0
3073,0
3074,0
3075,0
3076,0
3077,1
3078,0
3079,0
3080,0
3081,0
3082,0
3083,0
3084,0
3085,0
3086,0
3087,0
3088,1
3089,0
3090,0
3091,0
3092,0
3093,0
3094,1
3095,0
3096,0
3097,0
3098,0
3099,0
3100,0
3101,0
3102,0
3103,0
3104,0
3105,0
3106,0
3107,0
3108,0
3109,0
3110,0
3111,0
3112,0
3113,0
3114,0
3115,0
3116,0
3117,0
3118,0
3119,0
3120,0
3121,0
3122,1
3123,0
3124,0
3125,0
3126,0
3127,0
3128,0
3129,0
3130,0
3131,0
3132,0
3133,0
3134,0
3135,0
3136,0
3137,0
3138,0
3139,0
3140,0
3141,0
3142,0
3143,0
3144,0
3145,1
3146,0
3147,0
3148,0
3149,0
3150,0
3151,1
3152,1
3153,0
3154,0
3155,0
3156,0
3157,0
3158,0
3159,0
3160,0
3161,0
3162,0
3163,0
3164,0
3165,1
3166,0
3167,1
3168,0
3169,0
3170,0
3171,1
3172,0
3173,0
3174,0
3175,0
3176,0
3177,0
3178,0
3179,0
3180,0
3181,0
3182,0
3183,0
3184,0
3185,0
3186,0
3187,0
3188,0
3189,0
3190,0
3191,0
3192,1
3193,0
3194,0
3195,0
3196,0
3197,0
3198,1
3199,0
3200,0
3201,0
3202,0
3203,1
3204,0
3205,0
3206,0
3207,0
3208,0
3209,0
3210,0
3211,0
3212,0
3213,0
3214,0
3215,0
3216,0
3217,1
3218,0
3219,1
3220,0
3221,0
3222,0
3223,0
3224,0
3225,0
3226,0
3227,0
3228,0
3229,0
3230,1
3231,0
3232,0
3233,0
3234,0
3235,0
3236,1
3237,0
3238,0
3239,0
3240,0
3241,0
3242,1
3243,1
3244,0
3245,0
3246,1
3247,0
3248,1
3249,0
3250,0
3251,0
3252,0
3253,0
3254,1
3255,0
3256,0
3257,0
3258,0
3259,0
3260,0
3261,0
3262,0
3263,0
3264,0
3265,1
3266,1
3267,0
3268,0
3269,0
3270,0
3271,0
3272,0
3273,0
3274,0
3275,0
3276,1
3277,0
3278,0
3279,0
3280,0
3281,0
3282,0
3283,1
3284,0
3285,0
3286,0
3287,0
3288,1
3289,0
3290,0
3291,0
3292,0
3293,0
3294,0
3295,0
3296,0
3297,0
3298,0
3299,1
3300,1
3301,0
3302,0
3303,1
3304,0
3305,0
3306,0
3307,0
3308,0
3309,0
3310,0
3311,0
3312,0
3313,0
3314,0
3315,0
3316,0
3317,0
3318,0
3319,0
3320,0
3321,0
3322,1
3323,0
3324,0
3325,0
3326,0
3327,1
3328,0
3329,0
3330,0
3331,0
3332,0
3333,0
3334,0
3335,0
3336,0
3337,1
3338,0
3339,0
3340,0
3341,0
3342,0
3343,0
3344,0
3345,1
3346,0
3347,1
3348,0
3349,1
3350,0
3351,1
3352,0
3353,0
3354,1
3355,0
3356,0
3357,0
3358,0
3359,0
3360,0
3361,0
3362,0
3363,0
3364,0
3365,0
3366,0
3367,0
3368,0
3369,0
3370,0
3371,0
3372,0
3373,0
3374,0
3375,0
3376,0
3377,0
3378,0
3379,0
3380,0
3381,0
3382,0
3383,0
3384,0
3385,0
3386,0
3387,0
3388,0
3389,0
3390,0
3391,0
3392,0
3393,0
3394,0
3395,0
3396,0
3397,0
3398,0
3399,0
3400,0
3401,0
3402,0
3403,0
3404,0
3405,0
3406,0
3407,0
3408,1
3409,0
3410,0
3411,0
3412,0
3413,0
3414,0
3415,0
3416,0
3417,0
3418,0
3419,0
3420,0
3421,0
3422,0
3423,0
3424,0
3425,0
3426,0
3427,0
3428,0
3429,0
3430,0
3431,0
3432,0
3433,0
3434,0
3435,0
3436,0
3437,0
3438,0
3439,0
3440,0
3441,0
3442,0
3443,0
3444,0
3445,0
3446,0
3447,0
3448,0
3449,0
3450,0
3451,0
3452,0
3453,0
3454,0
3455,1
3456,0
3457,1
3458,1
3459,0
3460,0
3461,0
3462,0
3463,0
3464,0
3465,0
3466,0
3467,0
3468,0
3469,1
3470,0
3471,0
3472,0
3473,0
3474,0
3475,0
3476,0
3477,0
3478,0
3479,0
3480,0
3481,0
3482,0
3483,0
3484,0
3485,0
3486,0
3487,0
3488,0
3489,0
3490,0
3491,0
3492,0
3493,0
3494,0
3495,0
3496,0
3497,0
3498,0
3499,0
3500,0
3501,0
3502,0
3503,0
3504,0
3505,0
3506,0
3507,0
3508,0
3509,0
3510,0
3511,0
3512,0
3513,1
3514,0
3515,0
3516,0
3517,0
3518,0
3519,0
3520,0
3521,0
3522,0
3523,0
3524,0
3525,0
3526,0
3527,0
3528,0
3529,0
3530,1
3531,0
3532,0
3533,0
3534,0
3535,0
3536,0
3537,1
3538,1
3539,0
3540,0
3541,1
3542,0
3543,0
3544,0
3545,1
3546,0
3547,0
3548,0
3549,0
3550,0
3551,0
3552,0
3553,1
3554,0
3555,0
3556,1
3557,0
3558,0
3559,1
3560,0
3561,1
3562,1
3563,0
3564,0
3565,0
3566,0
3567,0
3568,0
3569,0
3570,0
3571,0
3572,0
3573,0
3574,0
3575,0
3576,0
3577,0
3578,1
3579,0
3580,0
3581,0
3582,0
3583,0
3584,0
3585,0
3586,0
3587,0
3588,0
3589,0
3590,1
3591,0
3592,0
3593,1
3594,0
3595,0
3596,0
3597,0
3598,1
3599,0
3600,0
3601,0
3602,0
3603,0
3604,0
3605,0
3606,0
3607,0
3608,0
3609,0
3610,0
3611,0
3612,0
3613,0
3614,0
3615,1
3616,0
3617,0
3618,0
3619,0
3620,0
3621,0
3622,0
3623,0
3624,0
3625,0
3626,0
3627,0
3628,0
3629,0
3630,0
3631,0
3632,0
3633,0
3634,0
3635,0
3636,0
3637,0
3638,0
3639,0
3640,0
3641,0
3642,0
3643,0
3644,0
3645,0
3646,0
3647,0
3648,0
3649,0
3650,0
3651,0
3652,0
3653,0
3654,0
3655,0
3656,0
3657,0
3658,0
3659,0
3660,0
3661,0
3662,0
3663,0
3664,0
3665,0
3666,0
3667,0
3668,0
3669,1
3670,0
3671,0
3672,0
3673,0
3674,1
3675,0
3676,0
3677,0
3678,0
3679,0
3680,0
3681,0
3682,1
3683,0
3684,0
3685,0
3686,0
3687,1
3688,0
3689,0
3690,0
3691,0
3692,0
3693,0
3694,1
3695,1
3696,0
3697,0
3698,0
3699,0
3700,0
3701,0
3702,0
3703,0
3704,0
3705,0
3706,0
3707,0
3708,0
3709,0
3710,0
3711,0
3712,0
3713,0
3714,0
3715,0
3716,1
3717,1
3718,1
3719,0
3720,0
3721,0
3722,0
3723,0
3724,0
3725,0
3726,0
3727,0
3728,0
3729,0
3730,0
3731,0
3732,0
3733,0
3734,0
3735,0
3736,0
3737,0
3738,0
3739,0
3740,0
3741,0
3742,1
3743,0
3744,0
3745,0
3746,0
3747,0
3748,1
3749,0
3750,0
3751,0
3752,0
3753,0
3754,1
3755,0
3756,0
3757,0
3758,0
3759,0
3760,0
3761,0
3762,1
3763,0
3764,0
3765,0
3766,0
3767,0
3768,1
3769,1
3770,0
3771,1
3772,0
3773,0
3774,0
3775,0
3776,0
3777,0
3778,0
3779,0
3780,0
3781,0
3782,0
3783,0
3784,1
3785,0
3786,0
3787,0
3788,0
3789,0
3790,0
3791,0
3792,0
3793,0
3794,0
3795,0
3796,0
3797,1
3798,0
3799,0
3800,0
3801,0
3802,0
3803,0
3804,0
3805,0
3806,0
3807,1
3808,0
3809,0
3810,0
3811,0
3812,1
3813,0
3814,0
3815,0
3816,0
3817,0
3818,0
3819,0
3820,0
3821,1
3822,0
3823,0
3824,0
3825,0
3826,0
3827,0
3828,0
3829,0
3830,0
3831,1
3832,0
3833,0
3834,0
3835,0
3836,0
3837,0
3838,0
3839,0
3840,1
3841,0
3842,0
3843,0
3844,0
3845,0
3846,0
3847,0
3848,0
3849,0
3850,0
3851,1
3852,0
3853,0
3854,1
3855,0
3856,0
3857,0
3858,0
3859,0
3860,1
3861,0
3862,1
3863,0
3864,0
3865,0
3866,0
3867,1
3868,1
3869,0
3870,0
3871,1
3872,0
3873,0
3874,0
3875,0
3876,0
3877,0
3878,0
3879,0
3880,0
3881,0
3882,0
3883,0
3884,0
3885,0
3886,0
3887,0
3888,0
3889,0
3890,0
3891,0
3892,0
3893,0
3894,0
3895,0
3896,1
3897,0
3898,0
3899,0
3900,0
3901,0
3902,0
3903,0
3904,0
3905,0
3906,0
3907,0
3908,0
3909,0
3910,1
3911,0
3912,1
3913,0
3914,0
3915,0
3916,0
3917,0
3918,0
3919,0
3920,0
3921,0
3922,0
3923,0
3924,0
3925,0
3926,0
3927,0
3928,0
3929,0
3930,0
3931,0
3932,0
3933,0
3934,0
3935,0
3936,0
3937,0
3938,0
3939,0
3940,0
3941,0
3942,1
3943,0
3944,0
3945,0
3946,1
3947,0
3948,1
3949,0
3950,0
3951,0
3952,0
3953,0
3954,0
3955,0
3956,0
3957,0
3958,0
3959,1
3960,0
3961,0
3962,0
3963,1
3964,1
3965,0
3966,0
3967,1
3968,0
3969,0
3970,0
3971,0
3972,0
3973,0
3974,0
3975,0
3976,0
3977,0
3978,0
3979,0
3980,0
3981,0
3982,0
3983,0
3984,0
3985,0
3986,0
3987,0
3988,0
3989,0
3990,0
3991,0
3992,0
3993,1
3994,1
3995,0
3996,0
3997,0
3998,0
3999,1
4000,0
4001,1
4002,0
4003,0
4004,0
4005,0
4006,0
4007,0
4008,0
4009,0
4010,0
4011,0
4012,0
4013,0
4014,0
4015,0
4016,1
4017,0
4018,0
4019,0
4020,0
4021,0
4022,0
4023,0
4024,0
4025,0
4026,0
4027,0
4028,1
4029,0
4030,0
4031,0
4032,0
4033,0
4034,0
4035,0
4036,0
4037,0
4038,0
4039,0
4040,0
4041,0
4042,1
4043,0
4044,0
4045,0
4046,0
4047,0
4048,0
4049,0
4050,0
4051,0
4052,0
4053,0
4054,0
4055,0
4056,0
4057,0
4058,0
4059,0
4060,0
4061,0
4062,0
4063,0
4064,1
4065,0
4066,0
4067,0
4068,0
4069,0
4070,0
4071,0
4072,0
4073,0
4074,0
4075,0
4076,0
4077,0
4078,0
4079,0
4080,0
4081,0
4082,0
4083,1
4084,0
4085,0
4086,0
4087,0
4088,1
4089,0
4090,0
4091,0
4092,0
4093,0
4094,1
4095,0
4096,1
4097,0
4098,0
4099,1
4100,0
4101,0
4102,0
4103,0
4104,0
4105,1
4106,0
4107,0
4108,0
4109,1
4110,0
4111,0
4112,0
4113,0
4114,0
4115,0
4116,0
4117,1
4118,0
4119,0
4120,0
4121,0
4122,0
4123,0
4124,0
4125,0
4126,0
4127,0
4128,0
4129,0
4130,0
4131,0
4132,0
4133,0
4134,0
4135,0
4136,1
4137,0
4138,0
4139,0
4140,0
4141,0
4142,0
4143,0
4144,0
4145,0
4146,0
4147,0
4148,1
4149,0
4150,0
4151,0
4152,0
4153,0
4154,0
4155,0
4156,0
4157,0
4158,0
4159,0
4160,1
4161,1
4162,1
4163,0
4164,0
4165,0
4166,0
4167,0
4168,0
4169,0
4170,0
4171,0
4172,0
4173,0
4174,0
4175,0
4176,0
4177,0
4178,0
4179,0
4180,0
4181,0
4182,0
4183,0
4184,0
4185,0
4186,0
4187,0
4188,0
4189,1
4190,1
4191,0
4192,1
4193,1
4194,1
4195,0
4196,0
4197,0
4198,0
4199,0
4200,0
4201,0
4202,0
4203,0
4204,0
4205,0
4206,0
4207,0
4208,0
4209,1
4210,0
4211,0
4212,0
4213,1
4214,0
4215,0
4216,0
4217,0
4218,1
4219,0
4220,0
4221,0
4222,0
4223,0
4224,0
4225,0
4226,0
4227,0
4228,0
4229,0
4230,0
4231,0
4232,0
4233,0
4234,0
4235,0
4236,0
4237,0
4238,1
4239,0
4240,0
4241,0
4242,0
4243,0
4244,0
4245,0
4246,0
4247,0
4248,0
4249,0
4250,0
4251,0
4252,0
4253,0
4254,0
4255,0
4256,0
4257,0
4258,0
4259,1
4260,1
4261,0
4262,0
4263,1
4264,0
4265,0
4266,0
4267,0
4268,0
4269,0
4270,0
4271,0
4272,0
4273,0
4274,0
4275,0
4276,1
4277,0
4278,0
4279,0
4280,0
4281,0
4282,0
4283,0
4284,0
4285,0
4286,0
4287,0
4288,0
4289,0
4290,0
4291,0
4292,0
4293,0
4294,0
4295,0
4296,0
4297,0
4298,0
4299,0
4300,0
4301,0
4302,0
4303,0
4304,0
4305,0
4306,0
4307,0
4308,0
4309,0
4310,0
4311,0
4312,0
4313,0
4314,0
4315,0
4316,0
4317,0
4318,0
4319,0
4320,0
4321,0
4322,0
4323,0
4324,0
4325,0
4326,0
4327,0
4328,0
4329,0
4330,0
4331,1
4332,0
4333,0
4334,0
4335,0
4336,1
4337,1
4338,0
4339,1
4340,0
4341,0
4342,0
4343,0
4344,0
4345,0
4346,0
4347,0
4348,0
4349,0
4350,0
4351,0
4352,0
4353,0
4354,0
4355,0
4356,0
4357,0
4358,0
4359,1
4360,1
4361,0
4362,0
4363,1
4364,0
4365,0
4366,0
4367,0
4368,0
4369,0
4370,0
4371,0
4372,0
4373,0
4374,0
4375,1
4376,0
4377,0
4378,1
4379,1
4380,0
4381,0
4382,0
4383,0
4384,0
4385,0
4386,0
4387,0
4388,0
4389,0
4390,0
4391,0
4392,0
4393,0
4394,0
4395,0
4396,0
4397,0
4398,0
4399,0
4400,0
4401,1
4402,0
4403,0
4404,0
4405,0
4406,0
4407,0
4408,1
4409,0
4410,0
4411,0
4412,0
4413,0
4414,0
4415,0
4416,0
4417,0
4418,0
4419,0
4420,0
4421,1
4422,1
4423,0
4424,0
4425,1
4426,0
4427,0
4428,0
4429,0
4430,0
4431,0
4432,0
4433,1
4434,0
4435,0
4436,0
4437,0
4438,0
4439,0
4440,0
4441,0
4442,0
4443,1
4444,0
4445,0
4446,0
4447,0
4448,1
4449,0
4450,0
4451,0
4452,0
4453,0
4454,0
4455,0
4456,0
4457,0
4458,0
4459,0
4460,0
4461,0
4462,0
4463,0
4464,0
4465,0
4466,1
4467,0
4468,0
4469,0
4470,0
4471,0
4472,0
4473,0
4474,0
4475,0
4476,0
4477,0
4478,0
4479,0
4480,0
4481,0
4482,0
4483,0
4484,1
4485,0
4486,0
4487,0
4488,0
4489,0
4490,0
4491,0
4492,0
4493,1
4494,0
4495,0
4496,0
4497,0
4498,0
4499,0
4500,0
4501,0
4502,0
4503,0
4504,0
4505,0
4506,0
4507,0
4508,0
4509,0
4510,1
4511,1
4512,0
4513,0
4514,0
4515,0
4516,0
4517,0
4518,0
4519,0
4520,0
4521,0
4522,0
4523,0
4524,0
4525,0
4526,0
4527,0
4528,1
4529,1
4530,0
4531,0
4532,0
4533,0
4534,0
4535,1
4536,0
4537,0
4538,0
4539,0
4540,0
4541,0
4542,1
4543,0
4544,0
4545,0
4546,0
4547,0
4548,0
4549,0
4550,0
4551,1
4552,0
4553,0
4554,0
4555,0
4556,1
4557,0
4558,0
4559,0
4560,0
4561,0
4562,0
4563,0
4564,0
4565,0
4566,0
4567,0
4568,0
4569,0
4570,1
4571,0
4572,0
4573,1
4574,0
4575,0
4576,0
4577,0
4578,0
4579,1
4580,0
4581,0
4582,0
4583,1
4584,1
4585,0
4586,0
4587,0
4588,0
4589,0
4590,0
4591,0
4592,0
4593,1
4594,0
4595,0
4596,0
4597,0
4598,0
4599,0
4600,0
4601,0
4602,0
4603,0
4604,0
4605,0
4606,1
4607,0
4608,0
4609,1
4610,0
4611,0
4612,0
4613,0
4614,0
4615,0
4616,0
4617,0
4618,0
4619,0
4620,0
4621,0
4622,0
4623,0
4624,0
4625,0
4626,0
4627,0
4628,1
4629,0
4630,0
4631,1
4632,0
4633,0
4634,0
4635,1
4636,0
4637,0
4638,0
4639,0
4640,0
4641,1
4642,0
4643,0
4644,0
4645,0
4646,0
4647,0
4648,0
4649,0
4650,0
4651,0
4652,0
4653,0
4654,1
4655,0
4656,0
4657,0
4658,0
4659,0
4660,1
4661,0
4662,0
4663,0
4664,0
4665,0
4666,0
4667,0
4668,0
4669,0
4670,0
4671,0
4672,0
4673,0
4674,0
4675,0
4676,0
4677,1
4678,0
4679,0
4680,0
4681,0
4682,0
4683,0
4684,0
4685,0
4686,0
4687,0
4688,0
4689,0
4690,0
4691,1
4692,0
4693,0
4694,0
4695,0
4696,0
4697,0
4698,0
4699,0
4700,0
4701,1
4702,0
4703,0
4704,1
4705,0
4706,0
4707,0
4708,0
4709,0
4710,0
4711,0
4712,0
4713,0
4714,0
4715,0
4716,0
4717,0
4718,0
4719,0
4720,0
4721,0
4722,0
4723,1
4724,0
4725,0
4726,0
4727,0
4728,0
4729,0
4730,0
4731,0
4732,0
4733,0
4734,0
4735,0
4736,0
4737,0
4738,0
4739,1
4740,0
4741,1
4742,0
4743,0
4744,1
4745,0
4746,0
4747,1
4748,1
4749,1
4750,0
4751,0
4752,0
4753,1
4754,0
4755,0
4756,1
4757,0
4758,0
4759,0
4760,0
4761,0
4762,1
4763,0
4764,0
4765,0
4766,0
4767,0
4768,1
4769,0
4770,1
4771,0
4772,0
4773,0
4774,0
4775,0
4776,0
4777,0
4778,0
4779,0
4780,0
4781,0
4782,1
4783,0
4784,0
4785,0
4786,0
4787,0
4788,0
4789,0
4790,1
4791,0
4792,0
4793,0
4794,0
4795,0
4796,0
4797,1
4798,0
4799,0
4800,0
4801,0
4802,1
4803,0
4804,0
4805,0
4806,0
4807,0
4808,0
4809,0
4810,0
4811,0
4812,0
4813,0
4814,0
4815,0
4816,0
4817,0
4818,0
4819,0
4820,0
4821,0
4822,0
4823,1
4824,0
4825,0
4826,0
4827,1
4828,0
4829,0
4830,0
4831,0
4832,0
4833,0
4834,0
4835,0
4836,0
4837,0
4838,0
4839,1
4840,0
4841,0
4842,1
4843,0
4844,0
4845,0
4846,0
4847,0
4848,0
4849,0
4850,1
4851,0
4852,0
4853,0
4854,0
4855,0
4856,0
4857,0
4858,0
4859,0
4860,0
4861,1
4862,0
4863,0
4864,0
4865,0
4866,0
4867,1
4868,0
4869,0
4870,0
4871,0
4872,0
4873,0
4874,0
4875,1
4876,0
4877,0
4878,0
4879,0
4880,0
4881,0
4882,0
4883,0
4884,1
4885,0
4886,0
4887,0
4888,0
4889,0
4890,0
4891,0
4892,0
4893,0
4894,0
4895,1
4896,0
4897,0
4898,0
4899,0
4900,0
4901,0
4902,0
4903,0
4904,0
4905,1
4906,0
4907,1
4908,0
4909,0
4910,1
4911,0
4912,0
4913,0
4914,1
4915,1
4916,0
4917,1
4918,0
4919,0
4920,1
4921,0
4922,0
4923,0
4924,0
4925,1
4926,0
4927,0
4928,1
4929,0
4930,0
4931,0
4932,0
4933,0
4934,0
4935,0
4936,0
4937,0
4938,0
4939,0
4940,0
4941,0
4942,0
4943,0
4944,0
4945,0
4946,0
4947,0
4948,0
4949,0
4950,0
4951,0
4952,0
4953,0
4954,1
4955,1
4956,0
4957,0
4958,0
4959,0
4960,0
4961,0
4962,0
4963,0
4964,0
4965,0
4966,0
4967,0
4968,0
4969,0
4970,0
4971,0
4972,0
4973,0
4974,0
4975,0
4976,0
4977,0
4978,0
4979,0
4980,0
4981,0
4982,0
4983,0
4984,0
4985,0
4986,0
4987,0
4988,0
4989,0
4990,0
4991,1
4992,0
4993,1
4994,0
4995,0
4996,0
4997,0
4998,0
4999,0
5000,0
5001,0
5002,0
5003,1
5004,0
5005,0
5006,0
5007,1
5008,0
5009,0
5010,0
5011,0
5012,0
5013,0
5014,0
5015,0
5016,1
5017,0
5018,0
5019,0
5020,1
5021,0
5022,0
5023,0
5024,0
5025,0
5026,0
5027,1
5028,0
5029,1
5030,0
5031,0
5032,1
5033,0
5034,0
5035,0
5036,0
5037,0
5038,0
5039,1
5040,0
5041,0
5042,0
5043,0
5044,0
5045,0
5046,1
5047,0
5048,0
5049,1
5050,0
5051,0
5052,0
5053,0
5054,0
5055,0
5056,0
5057,1
5058,0
5059,0
5060,0
5061,0
5062,0
5063,0
5064,0
5065,0
5066,0
5067,0
5068,0
5069,0
5070,0
5071,0
5072,0
5073,0
5074,0
5075,0
5076,0
5077,0
5078,0
5079,0
5080,1
5081,0
5082,0
5083,0
5084,0
5085,1
5086,0
5087,0
5088,0
5089,0
5090,0
5091,0
5092,0
5093,0
5094,0
5095,0
5096,0
5097,0
5098,0
5099,0
5100,0
5101,0
5102,0
5103,0
5104,0
5105,0
5106,0
5107,0
5108,0
5109,0
5110,1
5111,0
5112,0
5113,1
5114,0
5115,0
5116,0
5117,0
5118,0
5119,0
5120,0
5121,0
5122,1
5123,0
5124,0
5125,0
5126,0
5127,1
5128,0
5129,0
5130,0
5131,0
5132,0
5133,0
5134,0
5135,0
5136,0
5137,1
5138,0
5139,0
5140,0
5141,0
5142,0
5143,0
5144,0
5145,0
5146,0
5147,0
5148,0
5149,0
5150,1
5151,0
5152,0
5153,0
5154,0
5155,0
5156,0
5157,0
5158,0
5159,0
5160,0
5161,0
5162,0
5163,0
5164,1
5165,0
5166,0
5167,1
5168,0
5169,0
5170,0
5171,0
5172,1
5173,0
5174,0
5175,0
5176,0
5177,0
5178,1
5179,0
5180,1
5181,0
5182,1
5183,0
5184,0
5185,1
5186,0
5187,0
5188,0
5189,1
5190,0
5191,0
5192,0
5193,0
5194,0
5195,0
5196,0
5197,0
5198,0
5199,0
5200,0
5201,0
5202,0
5203,0
5204,0
5205,0
5206,1
5207,0
5208,0
5209,0
5210,0
5211,1
5212,1
5213,0
5214,0
5215,0
5216,0
5217,0
5218,1
5219,0
5220,1
5221,0
5222,0
5223,0
5224,0
5225,0
5226,0
5227,0
5228,0
5229,0
5230,0
5231,0
5232,0
5233,0
5234,1
5235,0
5236,1
5237,0
5238,0
5239,0
5240,0
5241,0
5242,0
5243,0
5244,0
5245,0
5246,0
5247,0
5248,0
5249,0
5250,0
5251,0
5252,0
5253,0
5254,0
5255,0
5256,0
5257,0
5258,0
5259,0
5260,0
5261,0
5262,0
5263,0
5264,0
5265,0
5266,0
5267,1
5268,0
5269,0
5270,0
5271,0
5272,0
5273,0
5274,0
5275,0
5276,0
5277,0
5278,0
5279,0
5280,0
5281,1
5282,0
5283,0
5284,0
5285,0
5286,0
5287,0
5288,0
5289,0
5290,0
5291,0
5292,1
5293,0
5294,0
5295,0
5296,0
5297,0
5298,0
5299,0
5300,0
5301,0
5302,0
5303,0
5304,0
5305,0
5306,1
5307,0
5308,0
5309,0
5310,0
5311,0
5312,0
5313,0
5314,0
5315,0
5316,0
5317,1
5318,0
5319,0
5320,0
5321,0
5322,0
5323,0
5324,0
5325,0
5326,0
5327,0
5328,0
5329,0
5330,0
5331,0
5332,0
5333,0
5334,0
5335,0
5336,0
5337,0
5338,0
5339,0
5340,0
5341,0
5342,1
5343,0
5344,0
5345,0
5346,0
5347,0
5348,0
5349,1
5350,0
5351,0
5352,0
5353,0
5354,0
5355,0
5356,0
5357,0
5358,0
5359,0
5360,0
5361,0
5362,0
5363,0
5364,0
5365,0
5366,0
5367,0
5368,0
5369,0
5370,0
5371,0
5372,0
5373,0
5374,0
5375,0
5376,0
5377,0
5378,0
5379,0
5380,0
5381,0
5382,0
5383,0
5384,0
5385,0
5386,0
5387,0
5388,0
5389,0
5390,0
5391,1
5392,0
5393,1
5394,0
5395,0
5396,0
5397,0
5398,0
5399,0
5400,0
5401,0
5402,0
5403,0
5404,0
5405,0
5406,0
5407,0
5408,0
5409,0
5410,0
5411,0
5412,1
5413,0
5414,0
5415,0
5416,0
5417,0
5418,1
5419,0
5420,0
5421,0
5422,0
5423,0
5424,0
5425,1
5426,0
5427,0
5428,0
5429,0
5430,0
5431,0
5432,0
5433,0
5434,0
5435,0
5436,0
5437,0
5438,0
5439,0
5440,0
5441,0
5442,0
5443,1
5444,0
5445,0
5446,0
5447,0
5448,0
5449,0
5450,0
5451,0
5452,0
5453,0
5454,0
5455,0
5456,0
5457,0
5458,0
5459,0
5460,0
5461,1
5462,0
5463,0
5464,0
5465,0
5466,0
5467,0
5468,1
5469,0
5470,0
5471,0
5472,0
5473,1
5474,0
5475,0
5476,0
5477,1
5478,0
5479,0
5480,0
5481,0
5482,1
5483,0
5484,0
5485,0
5486,0
5487,0
5488,0
5489,0
5490,0
5491,0
5492,0
5493,0
5494,0
5495,0
5496,1
5497,0
5498,0
5499,0
5500,0
5501,0
5502,0
5503,0
5504,0
5505,0
5506,0
5507,0
5508,1
5509,0
5510,0
5511,0
5512,0
5513,1
5514,0
5515,0
5516,0
5517,1
5518,0
5519,0
5520,0
5521,0
5522,0
5523,0
5524,0
5525,0
5526,0
5527,0
5528,0
5529,0
5530,0
5531,0
5532,0
5533,0
5534,0
5535,0
5536,0
5537,0
5538,0
5539,0
5540,0
5541,0
5542,0
5543,1
5544,0
5545,0
5546,0
5547,0
5548,0
5549,0
5550,0
5551,1
5552,0
5553,0
5554,0
5555,0
5556,0
5557,0
5558,0
5559,0
5560,0
5561,0
5562,0
5563,0
5564,0
5565,0
5566,1
5567,0
5568,0
5569,0
5570,0
5571,0
5572,1
5573,0
5574,0
5575,0
5576,0
5577,0
5578,0
5579,0
5580,0
5581,1
5582,0
5583,0
5584,0
5585,0
5586,0
5587,0
5588,1
5589,0
5590,0
5591,0
5592,0
5593,1
5594,1
5595,0
5596,0
5597,0
5598,0
5599,0
5600,0
5601,0
5602,0
5603,0
5604,0
5605,1
5606,0
5607,0
5608,0
5609,1
5610,1
5611,1
5612,0
5613,0
5614,0
5615,0
5616,0
5617,0
5618,0
5619,0
5620,0
5621,0
5622,0
5623,0
5624,0
5625,0
5626,0
5627,0
5628,0
5629,0
5630,0
5631,0
5632,0
5633,0
5634,0
5635,0
5636,0
5637,0
5638,0
5639,0
5640,0
5641,0
5642,0
5643,0
5644,0
5645,0
5646,0
5647,0
5648,0
5649,0
5650,0
5651,0
5652,0
5653,0
5654,0
5655,0
5656,1
5657,0
5658,0
5659,0
5660,0
5661,0
5662,0
5663,0
5664,0
5665,0
5666,0
5667,0
5668,0
5669,0
5670,0
5671,0
5672,0
5673,0
5674,0
5675,1
5676,1
5677,1
5678,0
5679,0
5680,1
5681,0
5682,0
5683,1
5684,0
5685,0
5686,0
5687,0
5688,0
5689,0
5690,0
5691,0
5692,0
5693,0
5694,0
5695,0
5696,0
5697,0
5698,0
5699,0
5700,0
5701,0
5702,0
5703,0
5704,0
5705,0
5706,0
5707,0
5708,0
5709,0
5710,0
5711,0
5712,0
5713,0
5714,0
5715,0
5716,0
5717,0
5718,1
5719,0
5720,0
5721,1
5722,1
5723,0
5724,0
5725,0
5726,1
5727,1
5728,0
5729,0
5730,1
5731,0
5732,0
5733,0
5734,0
5735,0
5736,0
5737,0
5738,0
5739,0
5740,0
5741,0
5742,0
5743,1
5744,0
5745,0
5746,0
5747,0
5748,0
5749,1
5750,0
5751,1
5752,0
5753,0
5754,0
5755,0
5756,0
5757,0
5758,0
5759,0
5760,0
5761,0
5762,0
5763,0
5764,0
5765,0
5766,0
5767,0
5768,0
5769,0
5771,0
5786,0
5787,1
5801,1
5808,0
5813,1
5816,0
5817,1
5818,0
5820,1
5827,1
5828,0
5832,1
5836,0
5838,0
5847,1
5853,0
5854,0
5865,0
5871,0
5875,0
5876,1
5884,0
5885,0
5893,1
5895,0
5901,0
5906,0
5913,0
5918,0
5921,0
5925,0
5928,0
5931,0
5947,0
5950,0
5954,0
5971,0
5972,1
5973,0
5980,0
5983,0
5987,0
5988,1
6003,0
6007,0
6013,0
6015,0
6016,0
6018,0
6020,0
6026,0
6030,0
6035,0
6036,0
6041,0
6045,1
6046,0
6048,0
6052,0
6054,0
6055,0
6056,0
6073,0
6074,0
6077,1
6079,0
6084,1
6085,1
6086,0
6088,1
6089,0
6095,1
6097,0
6098,0
6099,0
6105,0
6108,0
6109,0
6112,0
6120,1
6121,0
6122,0
6123,0
6127,0
6128,1
6130,0
6133,1
6135,0
6138,0
6139,0
6151,0
6154,0
6155,0
6156,0
6157,0
6161,0
6164,0
6167,0
6170,0
6175,0
6177,0
6178,0
6181,0
6182,0
6183,0
6184,0
6187,0
6192,1
6202,0
6205,0
6222,0
6229,0
6230,0
6238,0
6239,0
6241,1
6252,1
6256,1
6269,0
6272,0
6278,0
6282,0
6292,0
6293,0
6305,0
6306,1
6313,0
6316,0
6319,1
6321,0
6328,1
6332,0
6333,1
6335,0
6344,0
6345,0
6346,0
6349,1
6352,0
6358,0
6362,0
6364,0
6366,0
6367,0
6372,0
6374,0
6379,0
6380,0
6387,1
6393,0
6396,0
6400,0
6403,0
6404,0
6407,0
6413,0
6414,0
6417,0
6421,0
6427,1
6429,0
6430,0
6446,1
6450,1
6476,0
6479,0
6484,1
6487,1
6488,0
6490,1
6493,0
6501,0
6506,0
6510,0
6513,0
6515,0
6516,0
6519,0
6521,0
6522,0
6529,0
6531,1
6540,0
6541,1
6551,0
6552,0
6553,0
6557,1
6558,0
6560,0
6567,0
6570,1
6576,0
6580,0
6582,1
6583,0
6584,0
6616,0
6622,0
6624,0
6630,0
6636,1
6637,0
6640,0
6641,0
6646,0
6654,0
6655,0
6659,0
6663,0
6667,0
6679,0
6683,0
6684,0
6687,0
6688,0
6701,1
6703,0
6718,0
6720,0
6724,1
6726,0
6727,1
6730,1
6739,0
6745,0
6749,0
6751,1
6752,0
6753,0
6754,0
6756,0
6759,0
6768,0
6774,0
6784,0
6800,0
6801,0
6807,0
6821,0
6824,0
6828,0
6829,0
6830,0
6834,1
6838,0
6839,1
6844,0
6846,0
6852,0
6853,0
6854,0
6855,0
6858,0
6862,0
6875,0
6876,1
6885,0
6894,0
6895,0
6897,0
6898,0
6904,0
6906,0
6910,0
6915,0
6917,0
6918,0
6921,0
6926,0
6927,1
6930,0
6933,0
6943,0
6945,0
6946,0
6947,0
6950,0
6952,0
6955,0
6958,1
6963,0
6964,1
6969,0
6982,0
6985,0
6989,0
6996,0
7000,0
7017,0
7023,0
7026,0
7029,0
7048,0
7049,1
7051,0
7053,0
7054,0
7056,0
7057,1
7062,1
7065,0
7069,0
7071,0
7074,1
7082,0
7083,0
7086,0
7088,0
7090,0
7092,0
7093,0
7095,1
7113,1
7119,1
7123,0
7125,1
7129,0
7131,1
7133,0
7135,0
7138,0
7144,0
7145,0
7152,0
7155,0
7162,0
7165,0
7169,0
7170,0
7178,0
7183,0
7193,0
7194,0
7196,0
7206,0
7213,0
7216,0
7217,1
7218,0
7220,0
7228,0
7229,0
7238,0
7239,0
7240,0
7244,0
7245,0
7248,0
7250,0
7251,0
7258,0
7265,0
7266,1
7271,1
7273,0
7278,0
7284,0
7292,0
7308,0
7311,0
7314,0
7315,0
7317,0
7320,0
7323,0
7328,0
7330,0
7332,1
7338,0
7339,0
7340,0
7350,1
7357,0
7358,0
7365,0
7369,1
7371,0
7374,0
7375,0
7382,0
7387,0
7395,1
7397,0
7398,0
7400,0
7403,1
7405,0
7407,0
7409,0
7415,0
7428,0
7430,0
7434,0
7436,0
7437,0
7440,0
7444,0
7448,0
7451,0
7453,1
7456,0
7466,0
7469,1
7475,0
7477,0
7481,1
7485,0
7486,0
7491,1
7504,0
7505,1
7506,0
7507,0
7516,0
7529,0
7531,1
7532,1
7536,1
7537,0
7542,1
7543,0
7556,0
7558,0
7561,0
7565,0
7569,0
7577,0
7580,0
7583,0
7592,1
7598,0
7603,0
7607,0
7609,1
7617,0
7618,0
7628,0
7629,1
7634,0
7640,0
7646,0
7651,0
7661,1
7662,0
7663,1
7667,0
7673,1
7676,0
7680,1
7682,0
7689,0
7690,0
7694,0
7697,0
7701,0
7710,0
7719,0
7722,0
7725,0
7727,0
7733,1
7735,0
7737,0
7739,0
7742,0
7744,1
7750,0
7753,1
7759,0
7761,1
7769,1
7775,0
7777,0
7778,0
7781,0
7783,1
7785,0
7786,0
7787,1
7789,1
7793,1
7802,0
7803,0
7811,1
7822,1
7830,1
7831,0
7843,0
7847,1
7849,0
7853,0
7857,1
7861,0
7869,0
7877,0
7881,0
7883,0
7886,0
7897,0
7898,0
7899,0
7902,0
7903,0
7912,0
7921,0
7922,0
7923,0
7926,1
7929,0
7931,0
7933,1
7935,0
7940,0
7945,0
7946,0
7947,0
7962,0
7966,0
7969,0
7978,0
7979,0
7988,1
7993,1
7995,0
8000,0
8005,0
8007,0
8008,0
8016,0
8020,0
8021,0
8022,0
8033,1
8041,0
8042,1
8043,0
8044,0
8049,0
8056,1
8077,0
8083,0
8085,0
8090,1
8091,0
8094,0
8100,0
8105,1
8106,0
8110,0
8112,0
8114,1
8118,0
8119,1
8125,0
8135,1
8139,1
8140,0
8143,1
8148,0
8149,1
8162,0
8164,0
8172,0
8173,0
8175,0
8176,0
8178,1
8179,1
8181,0
8183,0
8186,0
8188,0
8190,0
8191,1
8209,0
8216,0
8217,0
8220,0
8222,1
8228,0
8231,1
8239,0
8242,0
8247,0
8249,0
8250,0
8260,0
8263,0
8266,1
8269,0
8270,0
8278,0
8289,0
8293,0
8294,1
8295,0
8296,1
8299,0
8306,1
8308,0
8320,0
8321,0
8324,1
8328,0
8339,0
8341,1
8342,0
8346,0
8349,0
8362,0
8363,0
8369,0
8371,0
8378,1
8384,0
8389,0
8391,1
8393,0
8409,0
8411,0
8420,0
8440,0
8447,0
8448,0
8453,0
8454,0
8455,0
8456,0
8460,0
8467,0
8468,1
8469,1
8470,0
8471,1
8472,0
8473,0
8492,0
8493,1
8509,0
8514,0
8521,1
8524,1
8535,1
8538,1
8539,0
8542,0
8543,1
8545,0
8546,0
8554,1
8563,0
8564,0
8568,0
8574,0
8575,0
8579,0
8583,1
8585,0
8599,0
8600,0
8601,0
8607,0
8617,0
8624,0
8631,1
8636,0
8642,1
8650,0
8655,0
8658,0
8667,0
8668,0
8670,0
8680,0
8683,0
8690,1
8702,0
8708,0
8709,1
8714,0
8717,1
8726,0
8728,0
8737,0
8742,1
8753,0
8756,0
8759,0
8766,0
8769,0
8773,1
8774,0
8782,0
8789,0
8795,0
8797,0
8798,1
8801,1
8802,0
8807,0
8809,0
8811,0
8812,0
8813,0
8816,0
8818,0
8821,0
8822,1
8825,0
8832,0
8847,1
8856,0
8857,0
8858,1
8859,0
8860,1
8865,0
8866,0
8868,0
8870,0
8878,0
8884,1
8887,1
8889,0
8892,0
8899,0
8916,0
8918,0
8920,1
8926,1
8930,0
8933,0
8938,0
8945,0
8948,0
8949,0
8954,1
8959,0
8966,0
8967,0
8972,0
8973,0
8975,1
8984,0
8985,0
8988,0
8989,0
8992,0
8999,0
9003,0
9007,0
9012,0
9020,0
9024,0
9032,1
9041,1
9044,1
9052,0
9055,0
9063,1
9070,0
9076,0
9077,0
9078,0
9079,1
9081,0
9085,0
9090,0
9094,1
9096,0
9099,1
9101,0
9103,1
9106,0
9107,1
9108,0
9111,1
9119,0
9124,1
9125,0
9131,0
9132,0
9143,1
9147,0
9148,0
9149,0
9152,0
9165,0
9167,0
9168,1
9171,1
9175,0
9185,0
9188,0
9190,1
9191,1
9193,1
9195,0
9196,0
9197,0
9198,0
9211,0
9215,1
9216,0
9217,0
9218,0
9219,0
9222,1
9223,0
9228,1
9229,0
9242,0
9247,0
9248,0
9253,0
9256,0
9257,0
9272,0
9273,1
9280,0
9287,0
9288,1
9289,0
9290,1
9293,0
9296,0
9301,0
9302,0
9306,1
9308,0
9311,0
9314,0
9315,0
9317,0
9324,0
9329,0
9335,0
9337,0
9338,0
9340,1
9341,0
9344,0
9347,0
9357,0
9365,0
9369,0
9371,0
9376,0
9377,0
9378,0
9380,0
9386,0
9392,0
9396,0
9400,0
9401,0
9407,0
9414,1
9425,0
9429,0
9434,0
9438,0
9440,0
9446,1
9450,0
9452,0
9458,1
9459,0
9461,0
9463,0
9469,0
9473,0
9476,1
9478,0
9480,0
9481,0
9484,1
9489,0
9493,0
9494,0
9495,0
9518,0
9528,0
9532,0
9533,0
9534,0
9537,0
9538,0
9544,0
9557,0
9560,0
9563,0
9567,0
9569,0
9577,0
9583,1
9584,1
9585,0
9587,0
9590,0
9594,0
9605,0
9610,0
9614,1
9620,0
9626,0
9629,0
9633,1
9641,0
9651,1
9661,0
9662,1
9665,0
9666,0
9668,0
9675,0
9685,1
9693,0
9695,1
9697,0
9700,0
9707,1
9708,0
9719,0
9722,0
9727,0
9732,1
9733,1
9760,0
9763,0
9765,0
9769,1
9771,0
9779,1
9782,0
9786,0
9788,0
9792,1
9796,0
9799,0
9800,0
9802,0
9812,1
9824,0
9827,0
9829,0
9833,0
9839,1
9841,0
9842,0
9843,0
9848,0
9852,0
9856,0
9857,1
9858,1
9866,0
9870,0
9871,0
9881,0
9893,0
9898,0
9902,0
9903,0
9905,0
9910,1
9915,0
9919,0
9928,0
9933,0
9934,0
9935,0
9941,0
9947,1
9949,0
9952,0
9953,1
9955,0
9958,0
9965,0
9971,0
9973,0
9980,0
9992,0
9993,0
9994,0
9995,0
9999,0
10009,0
10010,0
10020,0
10025,0
10026,0
10033,0
10035,0
10043,1
10047,0
10054,0
10065,0
10066,0
10070,0
10076,0
10080,0
10087,0
10089,0
10092,1
10099,0
10100,0
10103,0
10108,0
10112,0
10116,0
10117,1
10121,1
10128,0
10129,0
10136,1
10139,0
10140,0
10141,0
10147,0
10150,0
10152,1
10156,0
10157,0
10158,0
10165,0
10167,0
10168,0
10181,1
10184,0
10186,0
10187,0
10189,0
10195,0
10199,0
10212,0
10217,1
10233,0
10241,1
10248,0
10252,0
10255,0
10279,0
10288,0
10310,0
10315,0
10316,0
10317,0
10326,0
10327,0
10331,1
10333,0
10338,1
10339,1
10348,0
10350,0
10351,0
10354,1
10355,0
10361,1
10368,0
10370,0
10381,0
10388,0
10389,0
10390,0
10391,0
10393,0
10397,1
10400,0
10403,0
10406,0
10409,0
10411,0
10419,0
10425,1
10432,0
10433,0
10440,0
10447,0
10448,0
10457,0
10460,1
10477,0
10481,0
10483,0
10485,0
10488,0
10496,0
10503,1
10507,0
10508,1
10510,1
10511,1
10522,1
10524,0
10525,0
10528,1
10540,1
10542,0
10547,1
10548,1
10550,0
10554,1
10568,0
10572,0
10576,1
10578,0
10587,1
10590,0
10595,0
10597,0
10598,1
10601,1
10623,0
10625,0
10629,0
10633,1
10642,0
10646,0
10650,0
10656,0
10660,0
10663,1
10664,1
10671,0
10676,0
10685,0
10696,0
10697,0
10699,0
10702,1
10707,0
10708,0
10711,1
10713,0
10714,0
10716,0
10723,0
10730,0
10733,0
10740,0
10741,1
10742,0
10745,1
10749,0
10751,0
10752,0
10754,0
10757,0
10762,0
10763,0
10769,0
10776,1
10793,0
10794,0
10802,0
10803,0
10804,1
10815,0
10816,1
10819,1
10823,0
10831,1
10834,0
10842,0
10843,1
10847,0
10851,0
10853,0
10854,0
10860,0
10862,0
10870,0
10871,0
10874,0
10875,0
10876,0
10877,0
10891,0
10896,0
10908,1
10911,0
10913,1
10915,0
10921,0
10924,0
10929,0
10937,1
10943,0
10945,0
10949,1
10950,0
10959,1
10963,1
10964,1
10969,0
10971,0
10978,0
10980,0
10989,0
10995,1
10999,0
11006,0
11011,0
11020,0
11027,1
11029,0
11031,0
11032,0
11034,1
11035,1
11037,0
11038,0
11041,1
11044,1
11045,0
11053,1
11056,0
11057,0
11061,0
11062,0
11063,0
11064,0
11073,1
11075,0
11079,1
11081,0
11084,0
11090,0
11096,1
11106,0
11114,0
11116,0
11127,0
11132,0
11148,0
11152,0
11171,1
11172,1
11180,0
11187,1
11206,0
11207,0
11212,0
11213,0
11218,1
11225,0
11230,0
11231,0
11235,0
11246,0
11247,0
11249,0
11251,0
11259,0
11267,1
11271,0
11277,0
11278,0
11283,1
11285,0
11293,0
11294,0
11296,1
11297,0
11300,1
11302,1
11303,1
11304,0
11306,1
11315,0
11320,0
11325,0
11334,0
11335,0
11339,0
11341,0
11343,1
11344,1
11346,0
11355,0
11360,1
11362,0
11368,0
11369,0
11382,0
11388,0
11389,1
11393,0
11398,0
11399,0
11418,0
11421,0
11425,0
11428,1
11430,0
11432,0
11433,0
11436,1
11437,0
11441,0
11443,0
11452,0
11453,0
11462,0
11463,0
11465,1
11468,0
11472,0
11473,1
11474,0
11478,0
11485,0
11498,1
11503,0
11517,1
11520,0
11538,0
11540,0
11544,0
11545,0
11550,0
11555,0
11560,1
11562,0
11569,0
11571,0
11577,0
11579,0
11582,0
11586,1
11590,0
11602,0
11616,0
11617,1
11618,0
11622,0
11623,0
11626,0
11637,0
11640,0
11642,1
11644,1
11650,0
11651,1
11654,0
11659,1
11661,1
11662,1
11666,0
11667,0
11672,1
11682,0
11684,0
11688,0
11697,0
11698,1
11702,1
11705,0
11707,0
11714,0
11716,0
11717,0
11718,0
11719,0
11720,0
11726,0
11728,0
11737,0
11739,1
11740,1
11741,1
11745,1
11746,0
11750,0
11752,0
11764,0
11768,0
11770,0
11776,0
11780,1
11788,0
11794,0
11795,0
11797,0
11803,1
11806,0
11808,0
11814,0
11826,0
11828,0
11830,0
11831,0
11838,0
11851,0
11855,0
11863,0
11871,0
11905,0
11907,1
11908,1
11914,0
11938,0
11939,0
11947,0
11953,0
11955,0
11960,0
11963,0
11964,0
11965,1
11969,1
11971,0
11972,0
11981,0
11982,0
11985,0
11988,0
11996,0
12000,0
12003,1
12006,1
12007,0
12010,0
12016,0
12018,1
12019,1
12022,0
12025,0
12027,0
12030,0
12031,0
12040,0
12054,0
12055,0
12067,1
12068,0
12069,0
12071,0
12073,1
12084,0
12085,0
12086,0
12108,0
12122,0
12124,0
12129,0
12132,0
12139,0
12143,0
12152,0
12153,0
12156,1
12160,0
12163,0
12170,0
12172,0
12175,0
12177,1
12189,0
12192,0
12195,0
12197,0
12198,0
12202,0
12206,0
12212,0
12217,0
12223,0
12224,0
12225,0
12235,0
12236,0
12237,0
12239,0
12240,0
12244,0
12250,0
12256,0
12269,0
12275,0
12279,0
12282,0
12284,0
12293,0
12297,0
12298,0
12303,0
12308,1
12310,0
12319,0
12323,0
12330,0
12334,0
12345,1
12346,0
12347,0
12353,0
12363,0
12368,1
12370,0
12372,0
12375,0
12376,0
12382,1
12385,0
12387,0
12389,0
12392,0
12393,0
12395,0
12403,0
12404,0
12407,0
12409,0
12417,0
12431,0
12436,0
12445,1
12451,0
12452,1
12454,0
12457,0
12466,0
12482,0
12490,0
12491,0
12494,0
12495,0
12496,0
12498,0
12504,0
12509,1
12516,0
12517,0
12519,1
12520,1
12521,0
12526,0
12527,0
12537,0
12540,0
12542,1
12551,0
12553,0
12554,1
12556,0
12557,0
12563,0
12565,0
12569,0
12574,0
12577,0
12588,0
12589,0
12593,0
12594,0
12598,0
12604,1
12607,0
12609,0
12610,0
12616,0
12620,1
12623,1
12628,0
12638,0
12639,0
12645,0
12656,0
12664,0
12668,0
12669,1
12674,1
12677,0
12682,0
12704,0
12706,1
12718,0
12719,1
12730,0
12732,1
12735,1
12749,0
12751,0
12756,0
12762,0
12766,0
12768,0
12773,1
12774,0
12775,1
12779,0
12780,0
12781,0
12785,0
12795,0
12797,0
12801,0
12803,0
12804,0
12810,0
12811,0
12813,0
12817,0
12825,0
12830,0
12832,1
12835,1
12836,0
12841,1
12862,0
12868,0
12871,0
12874,0
12876,1
12877,0
12884,0
12887,0
12889,0
12895,0
12898,1
12901,0
12902,0
12905,0
12909,0
12913,0
12914,1
12918,0
12919,0
12923,0
12925,0
12931,0
12936,0
12947,1
12948,0
12949,0
12956,1
12958,0
12959,0
12963,0
12964,0
12967,1
12972,0
12973,0
12987,1
12991,0
12993,1
12997,1
12998,0
13000,0
13001,0
13021,1
13022,0
13023,0
13025,0
13028,0
13030,0
13036,0
13038,0
13045,0
13046,1
13049,0
13050,0
13051,0
13059,0
13064,0
13072,0
13073,0
13078,0
13080,0
13082,0
13083,0
13084,0
13087,1
13093,0
13103,0
13106,0
13111,0
13128,0
13134,0
13135,0
13140,0
13145,0
13147,0
13152,0
13154,0
13160,0
13164,1
13173,0
13178,0
13185,0
13186,1
13189,1
13194,0
13196,0
13197,0
13210,0
13219,1
13231,0
13232,0
13233,1
13235,0
13236,0
13239,0
13240,0
13254,1
13259,0
13260,0
13263,1
13267,0
13275,0
13280,1
13282,0
13288,0
13292,0
13301,0
13306,0
13314,0
13316,1
13323,1
13324,0
13327,0
13329,0
13330,1
13331,1
13332,0
13336,0
13341,0
13345,0
13347,0
13349,0
13370,1
13371,1
13381,0
13388,0
13391,0
13400,0
13401,0
13402,0
13405,1
13406,0
13407,0
13413,0
13414,0
13418,1
13420,0
13423,0
13424,0
13431,0
13433,0
13441,1
13445,0
13453,0
13459,0
13465,1
13469,1
13471,1
13478,0
13479,0
13480,1
13489,0
13498,0
13499,0
13501,0
13504,0
13505,0
13511,1
13513,0
13514,1
13516,0
13527,1
13532,1
13540,0
13542,0
13549,0
13553,0
13556,0
13558,0
13559,0
13561,0
13562,1
13564,1
13571,0
13576,0
13578,0
13579,0
13598,0
13604,0
13605,1
13606,1
13614,0
13620,0
13624,0
13635,0
13636,0
13637,0
13640,0
13641,0
13648,1
13656,0
13664,0
13674,0
13675,0
13680,0
13690,1
13712,0
13713,0
13714,0
13718,1
13721,0
13731,0
13736,0
13740,0
13742,0
13744,0
13745,0
13754,0
13758,0
13765,0
13772,0
13773,1
13777,0
13779,1
13781,0
13783,1
13784,1
13786,1
13797,0
13803,0
13804,0
13807,0
13820,0
13823,0
13825,0
13830,0
13839,1
13840,1
13841,0
13843,1
13852,1
13855,0
13857,0
13862,0
13865,1
13876,0
13879,1
13881,0
13882,0
13884,0
13885,0
13893,0
13896,0
13897,1
13903,0
13905,0
13911,0
13917,0
13923,0
13926,1
13942,0
13944,0
13949,0
13952,0
13957,0
13963,0
13967,0
13969,1
13973,0
13980,0
13992,0
13993,0
13995,1
13998,0
14008,0
14014,0
14018,0
14021,0
14026,0
14031,0
14035,0
14037,1
14043,0
14045,0
14050,0
14063,1
14064,0
14065,0
14072,1
14073,0
14075,0
14082,1
14084,0
14085,1
14097,1
14099,1
14114,1
14116,0
14128,0
14133,0
14140,1
14142,0
14144,1
14145,1
14151,0
14159,0
14160,0
14161,1
14162,0
14168,1
14172,0
14175,1
14177,0
14179,0
14180,0
14182,0
14187,0
14192,1
14195,1
14196,0
14202,0
14204,0
14205,0
14212,1
14215,1
14217,0
14220,0
14221,0
14226,0
14227,1
14231,0
14238,0
14245,0
14248,0
14252,0
14259,1
14262,0
14271,0
14273,0
14277,0
14279,1
14280,0
14281,0
14289,0
14293,0
14294,0
14295,0
14310,0
14312,1
14313,1
14314,0
14315,1
14329,0
14331,1
14334,0
14340,0
14346,0
14348,0
14350,0
14352,0
14355,0
14363,0
14364,0
14366,1
14367,0
14368,0
14374,0
14379,1
14393,1
14394,0
14398,0
14403,0
14408,1
14410,0
14411,0
14415,0
14420,0
14429,0
14435,0
14438,0
14440,0
14446,0
14447,1
14453,0
14455,0
14458,0
14468,1
14471,1
14472,1
14481,0
14484,0
14497,0
14501,0
14504,0
14519,1
14520,0
14522,0
14531,0
14535,0
14538,0
14542,1
14543,1
14545,0
14547,0
14550,0
14554,0
14561,0
14563,0
14564,0
14567,0
14569,0
14570,1
14573,0
14582,1
14584,0
14586,0
14587,0
14599,0
14610,0
14615,0
14624,0
14629,0
14631,1
14638,0
14650,0
14653,0
14666,0
14672,0
14691,0
14692,0
14693,0
14695,0
14696,0
14698,0
14706,0
14707,1
14708,1
14721,0
14723,0
14728,0
14729,0
14734,0
14742,1
14747,0
14756,0
14761,1
14764,0
14767,0
14771,0
14779,0
14780,0
14784,0
14786,0
14787,0
14792,0
14794,0
14797,1
14801,0
14805,0
14809,1
14810,1
14813,0
14821,0
14823,0
14825,1
14826,0
14833,0
14834,0
14837,0
14843,0
14844,0
14847,0
14862,0
14865,0
14866,0
14868,0
14873,0
14874,0
14884,0
14885,0
14888,0
14892,0
14898,0
14913,0
14914,0
14915,0
14919,0
14921,0
14928,0
14937,0
14942,1
14946,0
14951,1
14970,0
14972,0
14974,0
14976,1
14977,0
14979,0
14980,1
14981,0
14982,0
14989,0
14991,1
15001,0
15009,1
15031,1
15033,0
15034,1
15035,0
15036,0
15053,1
15055,0
15056,0
15059,0
15061,0
15063,0
15072,0
15077,0
15085,0
15087,0
15095,0
15096,0
15101,1
15112,1
15116,0
15120,0
15124,0
15127,0
15139,1
15140,0
15141,0
15147,1
15149,0
15152,0
15154,0
15155,0
15156,0
15161,1
15170,0
15173,0
15180,1
15181,1
15190,0
15194,0
15201,1
15202,1
15208,0
15213,0
15224,0
15226,0
15227,1
15232,1
15235,0
15237,1
15253,0
15265,0
15271,0
15275,0
15280,0
15290,0
15296,1
15303,0
15304,0
15307,1
15317,0
15321,0
15325,0
15332,0
15340,1
15351,1
15366,1
15369,1
15384,0
15386,0
15393,0
15399,0
15402,0
15415,0
15422,1
15425,0
15427,1
15428,1
15440,0
15442,0
15444,1
15448,1
15455,0
15469,0
15470,1
15472,0
15476,1
15481,1
15482,0
15488,0
15489,0
15491,1
15493,0
15495,0
15498,1
15501,0
15504,0
15513,1
15514,0
15516,0
15517,0
15518,0
15527,0
15532,0
15533,0
15537,1
15543,1
15545,1
15546,1
15549,0
15552,0
15556,0
15559,1
15564,0
15567,0
15575,0
15576,0
15580,0
15581,1
15584,1
15586,0
15594,1
15598,0
15600,1
15603,1
15607,0
15616,1
15619,0
15625,0
15633,0
15639,0
15656,0
15664,1
15672,1
15673,1
15676,1
15682,1
15689,0
15690,0
15692,0
15697,0
15701,1
15719,1
15727,1
15730,0
15736,0
15745,0
15752,1
15758,1
15759,1
15761,0
15763,0
15766,0
15769,0
15771,0
15773,0
15775,0
15778,0
15779,0
15785,1
15789,0
15793,0
15796,0
15811,1
15814,0
15823,0
15827,1
15832,0
15835,0
15843,1
15844,0
15847,0
15851,0
15854,0
15856,0
15862,1
15863,0
15868,1
15876,0
15878,0
15879,0
15891,0
15897,0
15899,0
15903,0
15904,0
15914,0
15915,0
15917,0
15923,0
15925,0
15930,0
15936,0
15940,0
15948,1
15951,1
15955,1
15958,0
15960,0
15965,0
15968,0
15970,1
15971,0
15973,0
15974,0
15976,0
15977,0
15979,0
15984,1
15985,0
15988,1
15989,0
15997,0
15999,1
16001,1
16003,1
16026,0
16027,1
16029,0
16030,0
16034,1
16040,1
16044,0
16047,0
16053,0
16060,0
16067,1
16076,1
16079,0
16086,0
16088,0
16089,1
16090,1
16092,1
16093,1
16095,0
16098,0
16099,1
16100,0
16101,0
16105,0
16106,0
16107,0
16108,1
16111,0
16116,1
16117,0
16122,0
16125,1
16126,1
16129,0
16133,0
16134,1
16135,0
16136,0
16138,0
16139,0
16149,0
16155,1
16156,0
16157,0
16158,0
16163,0
16170,0
16175,0
16178,1
16180,1
16182,0
16184,0
16185,0
16189,1
16191,0
16192,1
16196,0
16209,0
16210,1
16220,0
16223,1
16224,1
16225,0
16226,0
16227,1
16229,0
16232,0
16236,0
16238,0
16244,1
16247,0
16248,1
16255,0
16258,0
16260,1
16265,0
16277,0
16289,0
16290,0
16291,0
16293,0
16295,1
16298,1
16300,1
16303,0
16305,0
16306,0
16308,1
16323,0
16325,0
16327,0
16331,1
16334,0
16338,0
16339,0
16340,1
16344,0
16347,0
16350,0
16353,0
16354,0
16368,0
16375,1
16376,0
16377,0
16380,0
16381,1
16382,0
16383,0
16387,0
16391,0
16392,0
16401,0
16406,0
16407,0
16424,0
16433,1
16434,0
16435,0
16439,0
16440,1
16441,1
16447,0
16449,0
16452,1
16455,0
16457,0
16460,1
16462,1
16464,1
16468,0
16470,1
16476,1
16478,1
16479,0
16480,1
16481,0
16483,0
16485,1
16488,0
16490,1
16491,0
16496,1
16501,0
16503,0
16506,0
16507,0
16508,0
16510,0
16512,1
16513,1
16515,1
16516,0
16518,0
16520,0
16522,0
16536,0
16542,1
16543,0
16544,0
16547,0
16553,1
16555,1
16559,1
16560,0
16562,0
16567,1
16571,0
16579,0
16583,0
16585,0
16593,1
16595,0
16596,0
16599,0
16603,0
16609,0
16613,0
16615,0
16623,0
16626,0
16627,1
16628,0
16632,0
16634,0
16635,1
16637,1
16638,0
16640,0
16641,0
16645,0
16650,0
16652,1
16655,0
16663,0
16667,0
16668,1
16680,1
16684,1
16687,0
16689,0
16690,1
16691,1
16694,0
16700,1
16701,1
16712,0
16714,1
16718,0
16721,0
16723,1
16728,1
16730,1
16732,0
16734,0
16739,1
16741,1
16745,0
16754,1
16756,0
16763,1
16768,1
16771,1
16772,1
16773,0
16780,0
16781,0
16783,1
16784,0
16785,0
16786,0
16788,0
16789,1
16790,0
16800,0
16802,0
16807,0
16808,1
16813,1
16814,0
16815,0
16825,0
16826,0
16827,0
16830,0
16832,0
16833,1
16835,0
16839,1
16840,1
16845,0
16846,1
16848,0
16850,0
16854,1
16859,1
16863,0
16864,1
16870,1
16872,0
16873,0
16878,1
16885,0
16890,1
16895,0
16896,1
16908,0
16909,1
16915,1
16923,0
16926,1
16933,1
16938,1
16941,0
16942,1
16943,0
16950,0
16953,0
16960,0
16961,1
16962,0
16964,1
16970,0
16971,0
16973,0
16975,1
16979,0
16987,1
16988,1
16992,1
16993,0
16995,0
17002,0
17007,0
17008,0
17016,0
17018,0
17020,0
17021,0
17024,0
17026,1
17027,0
17028,0
17032,1
17034,1
17035,0
17040,0
17044,0
17046,0
17047,0
17049,0
17050,1
17051,0
17052,0
17053,0
17054,0
17058,0
17059,0
17060,0
17061,0
17064,0
17070,1
17072,0
17077,0
17086,1
17088,1
17093,0
17101,0
17102,0
17106,0
17107,0
17110,0
17122,0
17130,1
17133,0
17134,1
17137,0
17138,0
17139,0
17140,1
17141,1
17143,0
17147,0
17154,1
17155,0
17156,1
17160,1
17175,1
17180,0
17181,1
17189,0
17190,0
17194,0
17202,0
17204,1
17208,1
17214,1
17220,0
17231,1
17233,1
17235,1
17236,1
17237,0
17240,1
17245,1
17248,1
17249,1
17250,0
17252,0
17255,0
17256,1
17257,0
17258,0
17265,0
17266,0
17275,0
17282,1
17283,0
17285,1
17290,0
17292,0
17297,0
17304,1
17305,1
17308,0
17310,0
17312,0
17313,0
17316,0
17317,1
17320,0
17324,1
17332,0
17350,0
17352,0
17356,0
17359,1
17361,0
17364,0
17365,0
17375,0
17385,1
17387,1
17389,1
17394,1
17403,1
17414,1
17416,0
17424,0
17430,0
17432,1
17441,0
17442,0
17446,0
17447,0
17449,0
17451,0
17452,0
17453,0
17461,0
17462,1
17464,0
17474,0
17478,0
17483,1
17485,0
17486,1
17489,0
17497,1
17508,0
17509,0
17511,1
17513,1
17517,0
17525,0
17526,1
17534,0
17541,0
17542,1
17545,1
17547,0
17548,1
17549,0
17551,1
17561,0
17562,1
17563,0
17564,0
17570,1
17576,0
17581,1
17582,1
17583,1
17584,0
17586,1
17587,0
17596,0
17599,0
17615,0
17619,1
17620,1
17623,0
17625,0
17629,0
17635,0
17641,0
17645,0
17648,0
17650,1
17651,0
17654,1
17668,1
17682,0
17686,0
17688,0
17693,0
17698,0
17713,1
17715,1
17719,0
17725,1
17733,0
17736,0
17738,0
17739,1
17742,0
17744,0
17746,0
17747,0
17757,1
17759,0
17762,0
17775,1
17776,1
17782,1
17785,0
17794,0
17798,0
17799,0
17802,0
17807,0
17809,1
17810,1
17813,1
17818,0
17822,0
17824,1
17825,0
17826,0
17832,1
17836,0
17837,0
17839,0
17841,0
17845,1
17847,0
17860,0
17863,1
17864,1
17867,0
17869,0
17872,1
17875,1
17880,0
17892,1
17895,0
17897,0
17905,0
17907,0
17908,0
17909,0
17910,1
17911,1
17912,0
17916,0
17917,0
17919,1
17921,0
17922,0
17924,0
17925,0
17927,1
17932,1
17941,0
17945,0
17951,0
17960,0
17962,0
17964,1
17967,0
17972,0
17974,0
17986,0
17989,0
18000,0
18001,0
18002,0
18006,1
18009,0
18010,0
18011,0
18013,1
18020,1
18023,0
18025,0
18027,1
18034,0
18036,1
18048,0
18049,0
18058,0
18063,1
18065,0
18067,1
18072,0
18074,1
18075,0
18076,0
18078,0
18087,0
18093,0
18095,1
18097,1
18098,0
18100,1
18101,1
18102,1
18110,0
18111,1
18114,0
18117,1
18130,0
18134,1
18136,1
18139,0
18143,0
18152,0
18158,1
18159,1
18165,0
18170,1
18186,0
18187,0
18189,1
18193,1
18199,1
18213,1
18214,0
18217,1
18220,0
18222,0
18226,1
18230,0
18242,1
18250,0
18251,0
18253,0
18257,1
18258,0
18260,1
18264,0
18267,0
18274,0
18278,1
18279,1
18282,0
18292,0
18293,0
18296,1
18297,0
18304,0
18312,0
18314,0
18317,0
18318,0
18327,0
18330,0
18336,1
18337,1
18340,0
18350,0
18351,0
18352,1
18359,1
18360,0
18363,0
18369,0
18371,0
18373,0
18375,1
18376,1
18382,0
18383,1
18384,0
18386,0
18391,0
18393,0
18394,1
18395,1
18397,0
18410,0
18420,1
18421,1
18422,0
18423,1
18424,0
18430,0
18438,0
18442,0
18443,0
18444,0
18445,0
18448,0
18449,0
18454,0
18455,0
18466,0
18475,0
18482,1
18490,0
18491,0
18508,0
18509,0
18512,0
18514,1
18516,1
18519,1
18523,0
18524,0
18540,1
18551,0
18553,0
18554,0
18555,0
18574,0
18592,0
18607,0
18610,1
18611,0
18615,0
18619,1
18623,1
18626,0
18632,0
18635,1
18640,0
18655,0
18669,0
18671,0
18673,0
18682,0
18683,0
18689,0
18693,0
18695,1
18696,0
18701,1
18706,1
18710,0
18719,1
18720,0
18726,0
18731,1
18732,1
18737,0
18738,0
18739,0
18749,0
18760,1
18771,0
18772,0
18773,0
18774,0
18792,0
18796,0
18813,0
18816,0
18819,0
18822,0
18824,0
18826,0
18837,1
18841,0
18845,0
18846,0
18852,0
18857,0
18863,0
18868,0
18869,0
18877,0
18891,0
18893,0
18899,0
18900,0
18911,1
18914,0
18915,1
18918,0
18919,1
18920,0
18928,0
18929,0
18940,0
18947,0
18951,0
18952,0
18956,0
18958,1
18961,0
18964,1
18968,0
18983,0
18999,0
19000,0
19012,1
19014,0
19022,1
19024,1
19026,1
19027,0
19030,1
19034,0
19036,1
19040,0
19043,1
19050,0
19051,0
19053,1
19054,0
19056,1
19058,0
19060,0
19061,1
19066,1
19070,0
19083,0
19084,1
19088,0
19092,1
19099,1
19101,0
19102,0
19104,1
19105,0
19106,1
19107,0
19109,0
19127,0
19131,1
19146,1
19150,0
19167,0
19168,0
19179,1
19184,0
19190,1
19200,0
19201,1
19207,0
19213,1
19221,0
19224,0
19233,0
19234,1
19242,1
19244,0
19249,0
19251,1
19252,0
19255,0
19259,1
19261,1
19266,0
19270,0
19271,1
19284,0
19285,1
19286,0
19292,0
19298,0
19311,1
19313,1
19318,1
19320,0
19329,0
19338,0
19345,1
19347,0
19351,0
19352,0
19355,0
19361,0
19378,0
19388,0
19390,0
19409,0
19416,0
19417,0
19422,0
19434,0
19443,0
19453,1
19454,0
19463,0
19466,0
19472,0
19475,0
19486,1
19490,1
19496,0
19499,0
19511,0
19520,0
19521,1
19522,0
19523,1
19528,1
19530,0
19533,1
19537,1
19548,0
19549,1
19550,0
19553,0
19557,1
19564,0
19565,0
19570,0
19573,0
19578,0
19585,1
19588,0
19596,0
19604,0
19617,1
19622,1
19623,0
19634,1
19638,1
19641,1
19649,0
19650,1
19655,0
19660,0
